id,family,cohort,n,prime,degree,cocycles,landmarks,shape,status,tamerop_seconds,tamerop_construction_seconds,tamerop_construction_plus_query_seconds,tamerop_retained_output_bytes_estimate,tamerop_rss_bytes,tamerop_allocation_bytes,ripser_seconds,ripser_construction_seconds,ripser_construction_plus_query_seconds,ripser_retained_output_bytes_estimate,ripser_rss_bytes,ratio_seconds,ratio_construction_seconds,ratio_construction_plus_query_seconds,practical_category,interval_count,exported_witnesses
cloud_circle96_f2,cloud,development,96,2,1,False,,circle,verified,0.005805637,4.365e-06,0.0058103435,2872.0,2052710400,2039488.0,0.01995667449955363,5.646399949910119e-05,0.02001313849905273,75879.0,288915456,2.9289596546696024,10.66167195743859,2.93483717098349,TamerOp faster,97,0
cloud_sphere64_cocycles_f3,cloud,development,64,3,2,True,,sphere,verified,0.013758195,3.6804999999999997e-06,0.0137616925,115008.0,2052710400,3777712.0,0.04178987799969036,5.330100248102099e-05,0.04184219500166364,37191.0,288915456,2.844982647204907,12.400465093895367,2.8476601651076305,TamerOp faster,81,7
cloud_sphere128_f101,cloud,development,128,101,2,False,,sphere,verified,0.1564310925,0.00025384400000000003,0.1567739585,5096.0,2306940928,56840936.0,0.529771872497804,7.03055047779344e-05,0.5298420389954117,133671.0,290066432,3.0447889191009434,0.2925831834796472,3.0393822702846998,TamerOp faster,166,0
dense_circle1024_f2,dense,development,1024,2,1,False,,circle,verified,7.0133622175,0.010539748,7.0239419210000005,22616.0,2394267648,1130721264.0,30.39034863049892,0.024096960500173736,30.413896928999748,8398183.0,314167296,4.548072243716883,2.786074934572508,4.545729069062838,TamerOp faster,1025,0
dense_sphere96_cocycles_f3,dense,development,96,3,2,True,,sphere,verified,0.0395884625,0.00027768949999999997,0.0398724815,228288.0,2297937920,12233448.0,0.1620056405008654,0.0002653210030985065,0.16227284400520148,80455.0,288915456,4.231752215438053,1.0803544977327995,4.2107257627898935,TamerOp faster,128,8
dense_planar128_f101,dense,development,128,101,2,False,,planar,verified,0.0293180855,0.0002726645,0.0296027065,3448.0,2029809664,11219904.0,0.13258337399747688,0.00042068250331794843,0.13299985949561233,133671.0,288915456,4.872405925668347,1.8504872745303165,4.843193158911902,TamerOp faster,154,0
sparse_grid16_f2,sparse,development,256,2,1,False,,grid,verified,0.000469475,0.000116314,0.0005853905,13472.0,2031230976,292960.0,0.00034124399826396257,0.00027332249737810344,0.0006176879978738725,3351.0,288915456,0.8311082360750576,2.498739376736142,1.1714643870692285,Ripser.py faster,481,0
sparse_cycle96_cocycles_f3,sparse,development,96,3,1,True,,cycle,verified,0.0003633695,7.5135e-06,0.0003707785,44976.0,2031308800,185888.0,0.0001443874934921041,0.00019273600628366694,0.000336895500367973,2231.0,288915456,0.4331041434735771,28.490969111124503,1.0006681371316737,Ripser.py faster,97,1
sparse_octa16_cocycles_f101,sparse,development,96,101,2,True,,octa,verified,0.0005979,0.00011680599999999999,0.0007498235,49456.0,2031468544,324992.0,0.0004988175060134381,0.0002230555037385784,0.0007237610116135329,4439.0,288915456,0.9240733908191348,1.9801888812920856,1.0459092503319767,similar,112,6
weighted_grid16_cocycles_f2,weighted,development,256,2,1,True,,grid,verified,0.0007944919999999999,0.0003533125,0.0011347815,202488.0,2031775744,913368.0,0.001256687995919492,0.0003282549951109104,0.0015685719990869984,34007.0,289947648,1.8272802651962232,1.0984300647087395,1.5924728514603097,TamerOp faster,481,6
weighted_grid64_f2,weighted,development,4096,2,1,False,,grid,verified,0.004155733,0.000405735,0.004566759,190240.0,2031849472,5657480.0,0.004148487496422604,0.0018373790007899515,0.005985866497212555,34071.0,289947648,1.2191614007831977,5.225076150120186,1.5869373948918304,TamerOp faster,8065,0
weighted_octa16_cocycles_f101,weighted,development,96,101,2,True,,octa,verified,0.0006578160000000001,0.00012457199999999999,0.0007876615,52144.0,2031927296,329376.0,0.0005098199981148355,0.00022699900000588968,0.0007350830055656843,4439.0,289947648,0.8648216592254403,1.9459757396749597,1.0242003641548758,Ripser.py faster,112,6
landmark_256_32_f2,landmark,development,256,2,1,False,32,planar,verified,0.0005457975,0.0005647965,0.001128754,71800.0,2031927296,230608.0,0.0007205465008155443,0.001609537001058925,0.0023438830030499958,67183.0,290996224,1.3893658155298443,3.2542186190250493,2.3475214942025557,TamerOp faster,41,0
landmark_2048_128_f2,landmark,development,2048,2,1,False,128,planar,verified,0.013851151499999999,0.053846020499999994,0.067697172,2137288.0,2032455680,4424464.0,0.007662240001081955,0.1008905029957532,0.108540510002058,2099567.0,416825344,0.5688465578278663,2.223755403100915,1.8734868883009899,Ripser.py faster,186,0
landmark_256_64_cocycles_f3,landmark,development,256,3,1,True,64,planar,verified,0.002282785,0.0006043435,0.0028988595,189944.0,2032480256,1077528.0,0.0023482975011575036,0.001849561493145302,0.004202686992357485,136431.0,288202752,0.9882112612252797,3.0323824974631735,1.4161216813156814,similar,89,6
landmark_512_96_cocycles_f101,landmark,development,512,101,1,True,96,planar,verified,0.005290773,0.002337507,0.007722753000000001,491872.0,2032513024,2387520.0,0.00502986551146023,0.0069741055049235,0.012051253012032248,400815.0,289251328,0.9560933180023224,3.307818292051028,1.647411052298835,similar,136,6
control_sphere3_f2,control,development,8,2,3,False,,crosspoly,verified,0.0014478745,5.7775e-06,0.0014536195,872.0,2032824320,296648.0,0.00018790800822898746,0.00019364850595593452,0.0003818245095317252,1751.0,287866880,0.13894841032552346,31.500306192077357,0.2738869145782633,Ripser.py faster,9,0
control_sphere2_cocycles_f3,control,development,6,3,2,True,,octa,verified,0.000312814,6.8415e-06,0.0003195615,4096.0,2032824320,47928.0,0.00012783650163328275,0.00017556449893163517,0.00030758249340578914,1703.0,287866880,0.4546150218994293,27.68613227613797,1.0508611130944365,Ripser.py faster,7,1
control_ties_f101,control,development,8,101,2,True,,ties,verified,0.000310445,5.9955000000000004e-06,0.000316341,4592.0,2032869376,50776.0,0.000121110504551325,0.0001766520072123967,0.00029734850977547467,1559.0,287866880,0.42265304144676624,29.39936607459323,1.0051138131248543,Ripser.py faster,8,0
control_stored_zero_cocycles_f2,control,development,6,2,1,True,,zero_ring,verified,0.0002623305,5.212e-06,0.000267241,3208.0,2033061888,39768.0,9.700850205263123e-05,0.00017127650062320754,0.00026693500694818795,1511.0,287866880,0.3772149097884463,32.824566786111774,1.0089055157370121,Ripser.py faster,5,1
dense_planar512_f101,dense,development,512,101,2,False,,planar,verified,2.152383429,0.0023070385,2.1546724155,11496.0,2053193728,687236800.0,11.673441145998368,0.0061373999997158535,11.679670366997016,2102823.0,289931264,5.687098116255593,3.1021538857947535,5.684359336827989,TamerOp faster,643,0
landmark_4096_512_f2,landmark,development,4096,2,1,False,512,planar,verified,0.132600643,0.3448873695,0.478248891,16869320.0,2483642368,52649752.0,0.1546427124994807,0.4463144615001511,0.6008525645011105,16782703.0,1012723712,1.217985344189953,1.4054738975596592,1.3483792703552548,TamerOp faster,766,0
landmark_4096_1024_f2,landmark,development,4096,2,1,False,1024,planar,verified,0.3456122755,0.2901784085,0.665263278,33673224.0,2758385664,198272480.0,0.6175367464966257,0.3807846994968713,0.9955772129978868,33564015.0,1010466816,1.9369357918641386,1.4453370681844788,1.6557332025673497,TamerOp faster,1548,0
landmark_4096_3072_f2,landmark,development,4096,2,1,False,3072,planar,verified,3.020446066,0.3361781505,3.4106812205,100850056.0,3133562880,1610395888.0,6.789894813999126,0.39245063249836676,7.182345446497493,100689263.0,1068347392,2.404287695284333,1.3535658332575053,2.2894695299370236,TamerOp faster,4426,0
cloud_circle512_cocycles_f2,cloud,development,512,2,1,True,,circle,verified,0.6426134345000001,0.0006964615,0.6432495340000001,1781768.0,2402377728,161536112.0,2.846599287506251,0.0001334730040980503,2.8467254470087937,2102791.0,304328704,3.9286008877236807,0.20007794828465586,3.9254476969431,TamerOp faster,513,1
dense_circle256_f2,dense,development,256,2,1,False,,circle,verified,0.059382962,0.0009956655,0.060400978999999994,9272.0,2066726912,28061912.0,0.30377685399434995,0.0015797669984749518,0.30537739349529147,527719.0,302231552,4.676252004647766,1.7488833433774007,4.63273815967222,TamerOp faster,257,0
sparse_grid64_f2,sparse,development,4096,2,1,False,,grid,verified,0.002662287,0.0003730265,0.00303052,157400.0,2066726912,5216816.0,0.004074529497302137,0.001772080002410803,0.005821717997605447,34071.0,302231552,1.5201865182661778,5.523177197204541,1.9486314867292447,TamerOp faster,8065,0
weighted_cycle96_cocycles_f3,weighted,development,96,3,1,True,,cycle,verified,0.0003712575,7.3155e-06,0.000378573,45816.0,2066771968,191656.0,0.00014510099572362378,0.00019940549827879295,0.00034191799932159483,2231.0,302231552,0.40225624053505704,27.258052004802416,0.9123017400584145,Ripser.py faster,97,1
dense_planar256_f101,dense,development,256,101,2,False,,planar,verified,0.18857761350000002,0.0006987425,0.1892747415,11448.0,2066771968,89558568.0,1.1343992814945523,0.0015947720021358691,1.1359762664942537,527911.0,302231552,5.680981312358848,2.4950943131139383,5.669523185013989,TamerOp faster,313,0
dense_planar384_f101,dense,development,384,101,2,False,,planar,verified,0.66258178,0.001182377,0.6637814305,11448.0,2066771968,257758980.0,4.400887046496791,0.0034751429993775673,4.404288525991433,1184295.0,302231552,5.9051851527306285,2.920541112418284,5.899971334004734,TamerOp faster,477,0
landmark_4096_2048_f2,landmark,development,4096,2,1,False,2048,planar,verified,1.158656175,0.3404513515,1.5133980355,67295624.0,2604773376,647388216.0,3.0730646349911694,0.42741050800395897,3.5044771960019716,67126639.0,1065717760,2.471066600125749,1.2998399209866645,2.2209137700585786,TamerOp faster,3071,0
evaluation_01_cloud_f2,cloud,evaluation,512,2,1,True,,jittered circle,verified,0.853800414,0.0005647355,0.8541618055,1811904.0,2336325632,164854960.0,3.5092893465043744,0.00016502349899383262,3.5094543700033682,2102791.0,316706816,4.129013997587464,0.32792372208483866,4.127049502413813,TamerOp faster,513,1
evaluation_02_dense_f101,dense,evaluation,128,101,2,False,,random planar,verified,0.0254344785,0.000302877,0.02574531,3448.0,2067812352,10933048.0,0.12705390550399898,0.0004636825033230707,0.12752835850551492,133671.0,315658240,4.830128477786989,1.616910973315463,4.7941198472758915,TamerOp faster,159,0
evaluation_03_dense_f3,dense,evaluation,96,3,2,True,,random sphere,verified,0.049741982500000004,0.0003441125,0.0503216965,276456.0,2067824640,16814184.0,0.18569167050736723,0.00028392200329108164,0.18598334950365825,79943.0,315662336,3.814345998166583,0.8928169777263909,3.785671887489378,TamerOp faster,124,8
evaluation_04_sparse_f2,sparse,evaluation,4096,2,1,False,,permuted grid,verified,0.0041900675,0.0006282315,0.0049114365,157400.0,2067824640,5216736.0,0.007692557999689598,0.0020253914990462363,0.00971338500676211,34071.0,314630144,1.850927541569903,3.5353652296937557,2.0416616569238175,TamerOp faster,8065,0
evaluation_05_weighted_f101,weighted,evaluation,96,101,2,True,,permuted octahedra,verified,0.0007474784999999999,0.0004952405,0.0013474575,53200.0,2067824640,335016.0,0.000620640508714132,0.0002395470000919886,0.0008628875002614222,4439.0,314630144,0.8319849678997021,0.7208497562709681,0.7058130369967774,Ripser.py faster,112,6
evaluation_06_landmark_f2,landmark,evaluation,2048,2,1,False,128,dyadic Linfinity,verified,0.0156664415,0.062255755499999996,0.0792784185,2137288.0,2067824640,4409360.0,0.007900026503193658,0.11025416399934329,0.11836467550165253,2099567.0,442937344,0.5455550942791674,1.7980654368784617,1.5577565357347236,Ripser.py faster,187,0
