-0.41366888,-0.88596279,0.24494422,-0.10206142,-0.05959390,-0.10547684,0.11394527,-0.01121289
-0.62566969,0.84384614,0.31330975,-0.01928643,0.13607569,-0.02731327,-0.07581971,0.09262203
0.89151818,0.37037495,-0.03055724,0.13713972,-0.17406813,-0.30287670,0.07899637,-0.13411316
1.05840933,-0.09235208,-0.09351951,-0.23864050,-0.29849278,0.00732757,0.17944985,-0.04662642
-0.84142568,-0.36035666,0.14344716,-0.06000212,0.10893356,0.20857510,-0.04139129,-0.16270311
-0.67817842,-0.56189617,0.21976255,-0.25691616,-0.13232259,-0.16763339,-0.34680297,0.02528691
0.49876575,0.77553714,0.27712941,0.16438487,0.12547530,0.08034142,0.19113391,-0.26639597
0.05158056,-0.93381657,-0.35354372,0.06940602,-0.05008427,0.15630454,-0.08781244,-0.00364817
0.93954974,0.43376347,0.11971933,-0.02099264,0.09849652,-0.10436750,0.21724031,0.12104040
0.52977780,0.93493424,0.25195103,0.35823510,-0.31471527,0.17662636,0.09301370,-0.01877216
0.51910731,-0.89112225,-0.25234760,0.11338909,0.26037360,-0.31993386,-0.06050357,-0.26184336
0.08450813,-1.07278724,0.40471121,-0.35562289,-0.11498980,0.14070902,0.31587453,0.08424213
-0.89131149,0.33244331,-0.00332384,-0.04074814,-0.14689422,0.07745195,0.06157593,-0.01859683
0.55534269,0.79705158,-0.09723513,0.24128993,-0.03811165,-0.28793946,0.26688856,0.10605308
-0.89401972,0.08165879,-0.09227692,-0.28952894,0.26476767,0.51390230,-0.16418699,-0.12941753
-0.11644964,1.07659777,-0.05411167,-0.06996754,0.03839178,0.21896369,0.00441352,0.18378202
-0.71512004,0.76135870,-0.42764512,-0.28998961,0.15918268,-0.11802988,0.11598298,0.10846885
0.43856067,0.86528333,0.20339827,-0.02233427,-0.13965704,-0.14631176,-0.09760879,-0.22596582
0.83035146,-0.48477004,0.05032239,-0.06777816,-0.38473657,-0.01445659,0.04506916,0.21689512
0.41972852,-0.87404653,-0.14475531,0.40211950,0.15132759,0.36628796,0.42588891,-0.16361673
1.05083679,-0.09743214,0.11192244,0.10838045,0.04041093,0.03482585,-0.30049999,-0.03308024
-0.59248576,0.81871329,-0.09350925,0.12370415,0.16381514,0.06173847,0.06323363,0.01858934
-0.96590350,0.40801852,-0.09912921,0.07759743,0.00282268,0.11625824,-0.26572966,0.17755579
-0.38414243,-0.90083555,-0.03948860,-0.11267692,0.05822504,-0.11483296,-0.21389551,-0.16916056
0.80156798,-0.49984357,-0.23350606,0.00167548,-0.31118928,0.35791331,-0.30489563,0.09575054
0.61968722,0.68987727,0.06005530,0.19943441,0.09351506,0.05220325,0.18981934,0.03218091
0.63891483,0.72459982,0.12636115,-0.18827683,0.15835265,-0.10106031,-0.21813067,0.07304979
0.99527244,0.46419660,-0.10312997,0.13961193,-0.09084182,-0.02480389,0.01790570,-0.46344364
1.06790757,0.30099772,-0.13947972,-0.29487808,-0.30331164,-0.18865288,0.16511946,0.33320827
0.17718903,0.92637602,-0.05279613,-0.38239456,0.02998332,0.08912965,-0.08572331,0.06044485
-0.33463932,0.95385300,-0.29536682,-0.04425083,-0.04221211,-0.07053264,0.19744935,0.34511776
-0.92522979,0.31842731,0.18818622,0.14263128,0.20949726,-0.07784879,0.14796127,0.40489639
-0.41325393,-0.95455891,0.12154250,0.25247606,0.07379726,-0.11268014,0.30861612,-0.24995341
0.01123244,-0.83597325,-0.23873315,0.24388994,0.06957752,-0.23335964,0.12034567,-0.08632009
0.76250434,-0.57018204,0.05271029,0.12714058,0.03311298,0.00903300,0.09399800,-0.04219522
0.22983391,-0.87680160,0.05878431,0.10815980,-0.21143377,-0.14184538,0.30571582,0.06706174
-0.41808789,1.00065632,-0.09632445,0.05571326,-0.13317421,0.05520376,-0.31554051,0.26618396
0.95897616,-0.06132012,-0.04476834,-0.07419924,0.03047968,-0.22905012,0.07949312,0.72471354
-0.60722113,0.83201573,-0.06214377,0.03852166,-0.36236181,-0.23020188,0.09193191,-0.00768360
0.64966843,0.77321496,0.03489991,0.58262429,-0.15311229,-0.18076670,-0.00702602,-0.00891254
0.72599318,-0.61190462,-0.15134786,0.04228431,0.52771935,0.25435473,-0.55643382,-0.02840338
0.86336772,-0.49425837,-0.03465270,0.38653915,0.18624711,0.17808058,0.03731421,-0.00805953
-0.97219968,0.48026936,0.10687795,-0.07022651,0.25501693,0.03842207,-0.01552301,-0.15827537
0.37258845,0.90950233,-0.55847143,0.20336924,0.11329551,-0.04285412,0.20919675,0.08759756
-0.40646057,0.92635030,-0.04660318,0.10643783,0.32193737,0.36805898,0.28516765,-0.23232190
0.97704803,-0.40198742,0.00552317,0.19251065,-0.02517687,0.04395099,-0.29999780,0.08960193
0.83536099,0.61124710,0.09188120,-0.02344443,0.06336022,-0.00272141,0.15183990,0.10034859
-0.19335157,-0.96464385,0.34874776,-0.02031910,0.19836155,0.07867715,-0.11282250,-0.14979476
0.86027881,0.22349961,0.12287274,-0.25338669,-0.11893666,-0.01897324,0.32014989,-0.47203571
-0.58094436,-0.73945646,0.08627547,-0.09839578,0.07291021,0.31292761,0.07083930,0.08667999
0.41353863,-0.91237731,0.10860357,-0.04166931,-0.16234273,-0.00770959,-0.04545769,0.15069596
-0.82302824,-0.61487268,0.29119432,0.19767755,0.25394589,0.12153347,-0.02193980,-0.08381868
1.08579702,0.06375308,0.02238066,-0.29656863,-0.00781656,-0.28322084,0.03317317,-0.24076393
0.91039626,0.44124628,-0.01564287,-0.33235234,0.14964474,0.43261934,-0.29627515,0.36396994
-1.08896705,0.06060170,-0.03577744,-0.28905544,0.25982544,0.09853873,-0.15029084,-0.05541543
0.04285536,-0.89232546,0.18724263,-0.34305795,-0.08724807,0.02935835,0.20964787,0.26986611
0.72776936,0.71531740,0.09007993,-0.07265096,-0.06200387,0.21603674,0.33794757,0.05317351
-0.69516892,0.66670506,-0.37750317,-0.00364981,-0.21211537,0.47788557,0.14403999,0.02827397
1.04105507,-0.28266332,0.14256090,0.32587379,-0.14576398,0.13668090,0.14450863,-0.30962553
1.07558529,0.08179900,0.04569602,-0.01263640,0.15759270,-0.30815080,0.01865614,0.21086839
1.06939583,-0.15199296,-0.08364593,-0.41616539,-0.02114959,-0.19437932,0.06385193,-0.23442823
0.39451712,0.96672144,0.07127150,-0.11879599,-0.06458106,0.23835201,0.04305569,-0.07900642
0.41422220,0.99070639,0.14656223,-0.06530711,0.04866220,-0.20591551,-0.20296898,-0.16523754
0.68140296,-0.88762104,-0.14906059,0.14755492,0.15693871,0.03458163,0.20767771,-0.05747249
0.97603951,-0.16548404,-0.00680880,0.15877984,-0.25053363,0.28515301,-0.15625430,-0.03293957
-0.08392775,-1.10488977,0.25477027,0.21420939,0.16667499,-0.31142865,-0.15643361,-0.09251260
0.97805600,0.01242737,0.03689686,-0.00489556,0.09750715,-0.19032381,-0.18167015,-0.17629240
0.43799000,0.81930678,0.11561849,0.21567662,-0.27146017,-0.11209888,0.02950762,-0.26974862
1.01828004,-0.19809897,0.22052883,0.21534138,0.00860354,-0.04239351,0.21590494,-0.07452920
-0.97443017,-0.37606085,-0.07351416,-0.12211046,-0.00187425,0.11967584,0.09648180,0.03117155
0.29873919,-0.98334277,-0.17185320,0.03264522,-0.18573230,-0.26833489,-0.24156397,-0.18363278
0.33624613,-0.87601670,0.04697977,0.33924483,-0.02952526,0.25493978,0.05768635,-0.22396470
-0.94995887,-0.44869072,0.15358708,-0.23061908,0.26451454,0.11563759,-0.40446202,0.15686828
0.09501709,0.96432876,0.19705044,-0.35967635,0.05043132,-0.33227787,0.09647820,-0.35759255
-0.43853710,1.09366038,0.45757795,-0.11913392,0.16603311,0.02214222,-0.06470095,0.12307686
0.65364136,-0.73021701,0.11277939,0.06902709,-0.28486913,0.32294217,0.38987174,-0.19055440
1.00126297,-0.20640124,-0.03264967,0.30068979,0.04548657,0.06463518,0.30353499,0.25764398
0.28240459,0.91637378,-0.31447807,0.22522825,-0.18534391,0.02969671,-0.21481440,-0.03673731
-0.41314227,-0.93017131,-0.20378249,-0.02439885,-0.03763990,0.24121956,-0.28397951,-0.00666841
0.21309170,-1.06256146,0.09440336,-0.09274931,0.04791720,-0.07492624,0.09362305,-0.02051603
0.36771198,0.85629218,0.07275679,0.45317652,-0.09824637,0.06133161,0.29260734,-0.41563374
-0.89384460,-0.48360432,-0.02284731,0.48799536,0.07827339,0.24161507,-0.04440787,-0.49274475
-0.45537733,-0.80774349,0.03697191,-0.25969983,0.22346414,-0.30779100,0.22684842,0.29026817
-0.74721497,0.63084771,0.16886541,-0.21905772,0.17237729,-0.23904776,0.16151571,0.01877339
-0.78835926,0.73082530,0.04751495,-0.37853213,-0.05519283,-0.07923083,0.13567199,-0.25076407
-0.42896265,0.82356804,-0.22763350,0.27721575,0.33258621,-0.03755440,-0.17821457,0.00321059
-0.07774186,-0.98865808,0.31168588,0.07838020,0.02907876,0.06920244,-0.01161796,0.16831357
0.75988736,-0.62619240,0.02101768,0.48272154,0.08431983,-0.03717068,0.40993835,0.00188651
-0.78092011,-0.56363048,-0.17996523,-0.09944450,0.06526508,-0.02535338,-0.15269732,-0.11019132
0.83168773,0.54873347,-0.14420004,-0.11444381,0.40767087,-0.11075287,0.29788354,0.26314644
-0.09794592,-1.02088275,0.09060283,0.13453503,0.19356090,0.01437885,0.24091150,0.27807172
-0.65227493,0.64630377,0.03490847,-0.11314881,-0.06372555,0.37551443,0.19680600,-0.35780919
0.88955446,-0.49445152,-0.03511745,-0.10263105,-0.29126029,0.17232886,-0.18793795,-0.07400822
-0.99174271,0.26103809,0.14864734,0.07675483,-0.13483233,-0.18896214,-0.09388288,0.19340484
-0.77381720,-0.64825822,-0.06563273,-0.05157608,0.04330875,-0.36868500,0.32241162,-0.15752871
-0.71689236,-0.53795001,0.04448675,0.00841671,-0.11666386,-0.31223388,0.03698907,0.23905228
0.86321444,-0.65460470,-0.22542843,-0.14680223,0.10117831,0.00001305,0.13817760,-0.14834762
-0.48799119,-0.95998521,-0.24074225,-0.21522155,-0.28539312,0.06169224,-0.13277703,-0.39765901
-1.00374177,-0.36461185,-0.25110187,0.24795765,0.23308677,-0.23026819,-0.29479638,-0.20001335
-0.83867125,-0.49982442,-0.16173957,-0.00567448,0.24083830,-0.27791007,-0.07676036,-0.27669512
-0.76359707,-0.60970546,0.19023242,-0.02668032,0.13182532,-0.42040270,0.05528535,-0.26723304
-0.21336034,-0.99244393,-0.07004335,0.11484385,0.14013575,0.05253452,-0.18886732,0.13519736
0.95431372,-0.50491624,-0.18342613,-0.55264502,-0.09534184,0.43025270,0.09379747,-0.03886583
-0.76092650,0.48097696,0.09226826,-0.10270912,0.01523421,0.04023840,-0.12853235,-0.22374603
-1.02869358,0.08665737,0.12946086,0.09879552,0.10086299,0.51680054,0.05197674,0.20840762
-0.01482608,-1.02790599,0.05290601,0.20880930,0.33753265,0.06262106,0.07260356,0.01816792
0.67021185,-0.70357892,-0.05049975,-0.34375052,-0.02882734,-0.34540597,-0.20093919,0.00421680
0.43544980,-0.90720140,-0.29282786,0.05382658,0.11285362,0.29349434,0.18599435,0.04824089
-0.25916711,-0.95507692,0.22949506,-0.12955970,0.10604772,-0.01682540,0.05007971,-0.05047728
-0.92167842,-0.56924592,0.05276169,0.05737756,0.12384735,0.09235064,0.08720687,0.19869962
0.55698054,0.65684901,-0.24433631,0.04891916,-0.23412144,-0.18956355,-0.00964925,0.28176915
0.96671647,0.41529522,0.28322929,-0.18645215,-0.41580457,-0.08214009,-0.05299196,0.24960753
0.71670395,0.65005053,0.49818129,0.31561264,0.17045531,0.07636161,0.48797718,0.01887498
0.07043494,-1.02198744,-0.27106636,0.09719681,-0.01916273,0.06891982,0.07484705,-0.20895818
0.88657091,0.29298274,0.18047249,-0.31581515,0.07717545,-0.16111283,0.01144892,-0.12734287
0.11015596,0.84472159,0.01674577,0.12782896,-0.29078724,-0.42196945,-0.17136982,-0.03920785
-0.69899534,-0.83514503,0.17320549,0.19626325,0.15143871,-0.18450891,0.01833761,-0.03564643
-0.84173702,0.59659171,0.02067245,-0.09390287,0.28658709,0.15584140,0.17427585,0.24307879
1.02079128,0.14428420,-0.07472992,0.20365684,-0.15077660,0.01037299,0.08249360,0.29123299
0.96693673,-0.26576717,-0.03443125,0.18580139,0.10841482,-0.02959580,0.27427821,0.10162065
0.70202392,-0.77968043,-0.04842808,0.12129237,-0.30236146,-0.00141760,-0.18683819,-0.19220514
1.00181069,0.06646937,-0.02781255,0.04977608,0.22369836,-0.02230066,0.10472613,-0.26982414
-0.87208415,-0.51394252,0.10200795,0.03806332,-0.27529214,-0.36856708,-0.20121606,0.14918156
0.97046873,-0.45621843,-0.40223541,-0.53630610,-0.12325731,-0.06511499,-0.11933183,0.07220487
0.72758686,0.61315196,-0.17490950,0.02962385,0.01547925,-0.01396314,0.45431409,-0.05175602
-0.92017570,0.08469494,-0.07120581,0.10538989,0.11389962,-0.03106776,0.07934755,0.01131647
-0.80326202,0.78850385,0.46223431,0.16618332,-0.01135274,-0.34760765,-0.25509539,0.27118210
0.95869435,-0.01855106,0.17371287,0.02864623,0.15095856,-0.02624987,0.47869032,-0.20559920
0.92682440,0.42388947,0.28591613,-0.01117838,0.20980098,-0.10616746,-0.23705489,0.27998412
0.87868231,0.38734776,-0.08765051,-0.23104145,-0.23387459,-0.04492704,0.11648756,0.10183435
-0.97499777,0.33601407,0.00354605,0.01802555,-0.00473945,-0.04038405,0.11865503,0.02537191
-1.05650280,0.15966086,0.07915556,-0.02423040,-0.42303224,0.09672202,-0.05286031,0.18525638
-0.80386010,0.66904954,0.04233799,-0.00237128,-0.08938596,-0.35864011,0.36853766,-0.31575724
-0.69619958,-0.59206517,0.07600340,0.11345369,0.15383796,0.25267454,0.05945667,0.58132852
-0.21491111,0.95207466,-0.07217058,-0.10902746,0.05745303,0.29164813,-0.14204172,-0.14219114
-0.06378887,-0.96205114,0.39155138,0.20557599,0.04591826,-0.06587461,0.04305256,-0.03504340
-1.03210604,0.46765738,-0.03502444,-0.04650816,-0.08586175,0.33801388,0.13925324,0.18737255
0.86731055,-0.10989815,-0.05657673,0.04881436,-0.06906579,-0.03764559,0.19228391,0.05984482
0.85013928,0.49348009,-0.13150800,0.03618768,-0.23345035,-0.03574947,0.13852835,0.00574479
-0.66293037,-0.75705612,0.02487020,0.09661631,0.16741407,-0.02904229,-0.26344996,0.28499852
0.27333813,0.89871667,0.06110333,-0.20749807,-0.06386091,0.05145171,0.20652562,0.01203637
-0.71961473,-0.70970358,0.07053082,0.25877783,0.14226325,0.49804175,0.28486846,0.26953276
-0.93065582,-0.27975597,0.16941010,0.11989682,-0.10520411,0.11732919,0.08361323,-0.09300392
-0.04802232,1.00697020,0.04609582,-0.08491508,0.10898263,-0.38351757,-0.05638564,-0.33693749
-0.89207173,0.71993810,0.00432241,-0.02212704,0.01375847,0.31390018,-0.22125039,0.17754663
-0.97204407,-0.15784773,0.03271949,-0.17033606,0.04102747,0.14573848,-0.23874852,-0.01547437
-0.68416890,-0.72913547,-0.03741483,-0.15955413,0.26781698,-0.17511254,0.33989444,-0.10668936
0.83930744,-0.62933832,0.09076933,0.16114281,0.18046153,0.28065828,0.34654165,-0.06934274
-0.86910224,-0.45169271,-0.07745061,0.15204967,0.07567245,0.02303720,-0.07003930,-0.12799850
0.78122852,-0.64703486,-0.35292147,0.14578437,-0.29169170,-0.03165008,-0.12690367,-0.07390600
-0.74272284,-0.46060798,-0.04667478,-0.21760650,0.49105370,-0.08420617,-0.13232389,-0.11109003
-0.94052416,-0.42114818,-0.05250355,0.06073564,-0.30214773,-0.00030169,-0.24337330,-0.00859145
0.58950133,0.71715992,0.08552149,-0.14237667,0.17446001,-0.09119925,0.06838871,0.13929405
-0.38204160,-0.88786048,0.12101813,-0.22513967,-0.17992973,-0.22225234,0.16677757,-0.03440419
1.03811613,-0.04666090,0.41237864,0.35819876,-0.11542306,0.01360773,0.09987762,0.17677503
0.21456066,0.99102297,0.14895147,0.12102055,-0.26816486,-0.07551922,0.05168499,-0.00270741
0.36895601,-0.89694042,0.10611444,-0.02522881,-0.27208575,0.12084098,0.27791644,0.39278165
-0.75872936,-0.60651834,0.28685607,0.28530856,0.06561849,0.14000053,-0.15486867,0.11419974
0.88882051,0.47666479,-0.02734329,-0.09650402,-0.42513619,-0.16804983,0.06384450,-0.01498797
0.07542805,0.95118663,0.13491730,0.16667587,-0.16437729,0.00124681,-0.06994675,-0.17884411
-1.05774527,0.06053864,-0.17787701,0.42738330,-0.02304665,-0.04822638,-0.08286287,0.37178080
0.81308683,0.75810077,-0.15726922,-0.02827241,-0.01049966,0.21644018,-0.28658907,-0.00752656
0.85879560,0.48085716,-0.03885460,-0.18075552,-0.52702111,-0.02428963,0.23176386,-0.09693361
-0.82082393,0.73609945,0.01242571,0.19670420,0.17871886,-0.05742288,0.07658732,-0.36326152
0.98058642,-0.22780651,0.21365728,0.20915361,-0.06086911,-0.03328682,-0.17835414,-0.41667088
-0.06291216,0.92781411,-0.22056136,0.13896129,0.01629396,0.08732344,-0.15732727,-0.35630273
1.03358146,-0.16782455,-0.02536139,-0.08762129,-0.05880382,-0.03078765,-0.10516459,-0.40559261
0.48162970,0.93175610,-0.06996130,-0.06472223,0.04887697,-0.32601460,0.23816182,0.12797004
-0.83127509,0.60636365,-0.16245218,-0.62972185,0.06405134,0.26016020,0.23032115,-0.10909626
0.61294327,-0.66720175,-0.36308905,-0.13488997,-0.12864914,0.31543995,-0.13143716,0.31315014
-0.77572351,0.55567168,0.44289497,-0.19488102,0.12334680,0.34111740,-0.10702938,-0.24611509
0.56174797,-0.60133062,-0.24546655,-0.21624033,-0.07793227,0.19280394,-0.05741161,0.13090401
-0.90875425,-0.37887151,0.28751574,0.24638114,-0.32170541,0.24458870,0.06570811,-0.02487957
-0.87112061,-0.51267330,-0.22221997,-0.00427280,-0.23501758,-0.16329496,-0.12334172,0.13330773
0.30299558,-0.90572391,0.26524596,-0.06424859,0.11984845,-0.21145953,0.06582927,0.02390296
0.12348756,-0.94625713,-0.20611968,-0.05990584,-0.09359482,0.20667507,0.18156688,-0.24042424
0.74185444,0.80547047,0.09178407,-0.09631150,-0.29435350,0.20325350,0.09045908,-0.24513742
-0.86803226,-0.24343783,-0.23636872,-0.07278293,0.12405534,0.29381698,-0.07136031,0.27547061
0.95396444,-0.39780662,-0.33340463,0.17071814,0.12208147,0.47098426,0.28635506,0.15687135
-0.32432955,0.98818616,0.03939985,-0.05391056,0.34933783,0.11396278,-0.61088196,0.27525101
0.61947763,0.87001799,-0.09407888,0.05084408,0.12917385,0.04107958,-0.18840007,0.28239581
0.81390856,-0.41681948,0.14413222,-0.10406922,0.38031733,0.04820172,0.07643146,0.07282119
-0.56064750,-0.81206918,0.04702756,0.07413469,0.27291659,0.09401197,-0.21406130,0.10908653
0.25456558,-1.03769069,0.07060257,-0.24045704,0.23614056,-0.14252903,0.11861058,-0.31075133
-0.62445935,-0.74437785,0.22031150,0.35662248,0.23768936,-0.22988211,-0.18516433,-0.17052122
0.68367901,0.60024541,0.03517667,0.06532264,0.11935997,0.13364107,0.34124657,-0.00799120
0.72237207,-0.49251103,-0.26186907,-0.13592178,-0.23462683,0.04663208,0.21059134,-0.08492662
0.16208947,0.90767479,0.02788039,-0.10740884,0.08678825,0.06151133,0.07007263,0.15388154
0.58700021,-0.86396484,0.35260057,-0.00856993,0.16007108,0.01114047,-0.09143692,-0.09136175
-1.07224480,0.01773371,-0.12096111,-0.08480985,0.24367101,-0.02693560,0.22778908,0.05283533
-0.65119883,0.72235406,0.02906993,0.52668715,0.16498845,0.20011662,0.04601244,0.17077481
0.15694782,1.03202091,0.08479314,0.16296892,-0.08315140,-0.03873442,-0.07368903,-0.03901100
0.86688446,-0.57648406,-0.01822190,-0.34955714,-0.19788127,-0.13438103,-0.21309096,0.04491857
0.52067647,-0.89801330,-0.20546366,-0.15207286,0.09858223,0.06852176,-0.09733731,0.06825199
0.54385175,0.73276015,0.31387164,-0.08541630,0.07846674,0.07872264,-0.05253948,-0.23885236
1.06523868,-0.15681684,0.00347933,-0.00200459,-0.00262064,-0.18591391,0.05107347,-0.36820450
0.31075542,0.90207377,-0.07880922,0.13441932,-0.06073067,-0.10503239,0.09339642,-0.06338742
0.97532617,-0.19156174,0.29232199,0.12264181,0.08579544,-0.24855779,0.11312835,-0.26946088
-0.72392332,-0.70688054,0.37912074,-0.34825616,0.23271426,0.14845724,-0.36688384,-0.06006428
-1.07496708,-0.08707355,-0.34379500,-0.11619018,-0.24696314,-0.21723344,-0.14079265,0.35577514
-0.07317764,-0.99614025,-0.07957950,0.12052153,0.12546466,-0.19658025,0.28063990,-0.22936631
0.58226192,-0.94061048,0.32918969,-0.08216046,0.04422463,0.24750011,0.11166316,0.21241755
-0.97047154,0.56447642,0.11313858,0.17029594,-0.01856980,0.30661277,-0.41019855,-0.19712401
0.63350583,-0.84123002,-0.14177185,0.06264613,0.20437183,-0.12470115,0.14066871,-0.03730649
0.79438998,-0.65003176,0.20946532,-0.23670366,-0.08627065,0.11972393,-0.25653063,-0.32888332
-0.89925497,0.45928871,-0.04212950,0.01577358,-0.20709808,0.56983503,-0.20947871,-0.09972712
-0.11065981,-0.99515209,0.29256921,-0.00888286,0.10629108,-0.10934665,0.34993887,0.02010793
-0.70463659,-0.71325128,-0.08658795,0.10872266,0.01516254,0.04002158,0.01464025,-0.19377264
-0.91733906,-0.52920803,-0.03982387,0.04438561,-0.10552221,-0.41739777,-0.26816052,0.26626028
-0.91242114,-0.55837011,-0.30633916,-0.11846474,-0.08749472,-0.05736020,-0.02783941,-0.13945330
0.54107746,0.86865092,0.05122350,-0.04179516,0.33509065,0.02760754,0.01870961,-0.14476795
0.61183552,-0.80872583,-0.33736125,-0.20884900,0.10995171,-0.24279808,0.24481216,-0.01853412
-0.54783974,-0.89177752,0.34257152,-0.18615430,-0.27613304,0.08826517,0.24701338,0.18899972
0.84115261,0.59569659,0.05069958,0.22049674,0.41541713,-0.03586790,0.24553644,-0.08311255
-0.93636444,-0.16868485,-0.16712693,0.06871689,-0.19367543,0.16308133,-0.12445201,0.00116778
0.16785361,0.99114503,0.01186368,0.20152085,0.60671710,-0.25169488,0.04570221,-0.04942946
-0.98112994,0.26854343,-0.19005500,-0.02994852,0.23362903,-0.41850502,0.03521426,0.07503175
0.05762503,-1.01349219,0.05599854,-0.08410121,0.22809251,-0.27578259,0.11430849,-0.06102597
1.04744876,0.28134693,-0.08417232,0.14944199,-0.31336617,-0.05325656,-0.10546615,0.30022131
-0.04009802,-1.05780676,-0.36578599,0.05416329,-0.04199180,0.06063299,-0.15565959,-0.40541131
-0.87141521,0.52625534,0.02683288,-0.18882217,0.16380684,-0.16533988,-0.16425527,-0.25921488
0.80168294,0.53230922,-0.20984700,0.04063745,0.17816771,0.40555875,-0.49726709,0.01039764
0.74994503,0.53732070,0.06333205,0.02109212,0.12619021,-0.13508377,0.06487618,-0.13979462
0.95655565,-0.17026625,-0.09428695,-0.30207331,0.31059269,0.20277282,0.15691920,-0.15195341
-0.89893616,0.52596228,0.12983465,-0.18936665,-0.00967236,0.00941334,-0.05874887,-0.20742266
-0.11165315,1.05323276,-0.05777232,-0.33281626,-0.13476745,-0.01877815,0.15586383,-0.09149402
0.05481937,-1.05171094,-0.16590110,-0.57538829,-0.25157053,-0.31465700,-0.04666528,0.05032857
1.01288035,0.02829362,-0.24735226,0.45495773,0.04689433,-0.06796567,-0.06761095,-0.28542453
1.06975803,-0.31839503,0.30315874,0.20599840,0.15943512,0.23759072,-0.07076269,-0.10247879
-0.90071344,-0.30516732,-0.04179863,-0.07888632,0.12099294,-0.01550219,-0.39407304,-0.00610674
0.84552128,0.42386113,-0.16353776,-0.00809638,-0.27658487,-0.12102158,0.00019600,-0.27471008
-0.95822470,-0.44590416,-0.26395375,-0.00471956,0.20603963,-0.04490802,0.07757780,0.11926682
0.54964647,-0.75132495,0.06814096,-0.20687793,0.09600576,0.16473527,0.15294135,-0.13661291
-0.89256558,-0.17419864,0.03897389,0.22994856,0.25341002,-0.01380392,0.12579700,-0.06423943
0.93542450,0.22619594,-0.11562966,-0.01063976,-0.01990275,0.07116258,0.08792841,-0.23797399
-0.65900153,0.74230741,0.09160241,0.01272292,0.52253758,0.21986189,-0.01886839,0.14236039
0.62868519,0.89882736,-0.35159248,0.01727067,0.00825634,0.42495307,-0.36887122,0.30822883
1.03558147,0.06485009,-0.05864481,0.03511479,0.22661066,0.01738032,0.21157799,-0.01524640
-0.28322577,-0.99559309,-0.09916699,-0.02244657,0.27418560,-0.23210816,-0.33003325,-0.00146753
-0.30361578,-0.95121268,0.26727733,0.25301546,-0.14275790,0.02696065,-0.52874065,-0.11831355
0.72929036,0.50919063,-0.40812832,-0.25561380,0.04819798,0.23826754,0.52246808,0.29160424
-0.72584830,0.56081091,0.03645219,0.21874536,-0.31641088,-0.09688655,-0.08192928,0.01531741
-0.19937709,-0.89186744,0.22138138,0.02461495,0.16073171,0.40967005,-0.19303375,-0.19785542
0.35993271,0.93995017,0.04612833,0.23166420,-0.04824735,0.19691598,-0.11127909,0.14933034
-0.86975493,-0.20657227,0.29092607,0.22959061,-0.10329050,0.19398948,-0.32244142,0.21568193
0.61295558,0.70114367,0.12093476,0.03255058,0.18682504,-0.06927039,0.15572725,-0.03229188
0.83377392,0.42461114,0.01138776,-0.32341332,0.43934837,0.05230808,-0.31463868,0.24018971
-0.17767891,-1.03132890,0.16633407,-0.15406267,-0.56376147,0.00504407,0.07346262,0.22559720
-0.45369294,0.91052768,0.10493114,-0.03819607,-0.02482039,0.07604840,-0.17414133,0.34186830
-0.54317665,-0.81760519,-0.04097934,-0.11672814,0.13184101,0.22697289,0.31586095,0.14102501
-0.69626680,-0.74100340,-0.26451833,0.03406583,0.12861035,0.13677907,-0.20670842,-0.27621963
0.58297979,-0.78530966,-0.30708930,-0.22586330,0.02437473,0.25734373,0.02044025,0.26074446
0.91909431,0.71059636,0.21654106,-0.05585481,0.07828432,-0.05880897,-0.10892633,0.14947752
-0.91517913,0.09191699,-0.14083865,-0.00074589,-0.08871457,0.23527717,0.03193290,0.03108308
0.83888736,0.29089471,-0.20949646,-0.53512997,0.01086619,0.09942042,0.14002114,0.06450955
0.18703021,-0.89327916,0.07061951,-0.04293827,-0.21537566,0.09259230,-0.09009787,-0.08216972
-0.89957903,0.17556971,-0.15727252,0.25732378,-0.19402665,-0.21722021,0.06749638,0.03116336
-0.29728010,-0.91925156,0.01351872,-0.10775106,-0.32502969,0.15163821,-0.19820379,-0.04144620
0.72489539,-0.73480147,0.55248287,-0.27596393,-0.14584094,0.02135660,0.27488811,-0.04626499
-0.53001024,-0.83902453,-0.18124111,-0.03668751,0.17915313,-0.13116507,-0.08776014,0.10001711
0.53273341,0.84413741,-0.18718869,-0.02181692,-0.21650190,-0.30978271,0.35274888,0.09235287
-0.43929002,0.87487679,-0.00452862,-0.03995948,-0.28309022,0.11030650,-0.14340336,-0.03960333
0.37096176,-0.93919062,0.15271864,0.07934340,-0.18100366,-0.10693229,0.24521583,-0.05451465
-0.51528963,0.81771709,-0.22289973,0.30566333,-0.39596205,0.04560356,-0.01670863,-0.32276369
-0.75867304,-0.64578886,0.01114400,-0.16473949,0.09080922,0.22375966,0.04505262,0.34561215
-0.94030305,0.20862366,0.27897063,-0.13135169,-0.10330302,0.10408035,0.10486046,0.30287053
-0.46920506,-0.89493209,0.04505070,-0.05356248,-0.07123562,-0.08839967,0.18296258,-0.09180348
0.27029318,-0.99641366,-0.09944909,-0.04238702,-0.43285485,0.07883313,-0.05660885,0.04331028
-0.60674131,-0.85715089,0.48751059,0.04031376,0.04595589,-0.34490978,0.13841618,0.09827886
0.67420461,-0.80382961,0.27781607,-0.04397797,-0.15626257,0.29210327,0.08007045,-0.00759985
0.36924317,0.86093204,-0.00543196,0.08264929,-0.05087420,0.07217714,0.05904588,-0.10225162
0.35727114,-0.94977161,0.10453257,0.14420242,0.18438784,0.07689681,0.13017307,-0.04963753
0.32445770,0.87340844,-0.36982319,0.09874329,0.65636138,-0.34686374,0.32268740,-0.32964285
-0.65519226,-0.57952633,0.31559626,-0.16422446,-0.24387303,-0.27229976,0.15771294,-0.06460059
0.58296675,-0.79834422,0.09376178,0.11828187,0.03550178,-0.31075043,0.30119269,-0.53948607
-0.39739514,-0.96502596,-0.03045875,-0.09565206,-0.06531356,0.00408435,-0.04772219,-0.21147724
0.99504310,0.27756638,0.27635431,-0.02289872,-0.13353154,0.09495736,0.18516013,-0.17725692
0.50853880,-0.90369381,-0.19223880,-0.16254399,0.04077698,-0.23550678,-0.48546558,-0.32614074
-0.51449348,0.91665994,0.12585552,0.08551624,-0.23918593,0.14289151,0.23783644,-0.13208958
0.58767750,0.60930466,0.04561792,0.08115772,-0.28948032,0.30088189,-0.16335349,-0.01236465
0.94541872,-0.16556739,0.09434969,0.01221473,0.29078639,0.06456844,-0.07177813,-0.56786178
-0.70828483,0.70488231,-0.16604664,-0.16393079,0.12683659,0.21718521,0.38715209,0.23669861
0.63639962,0.71966719,-0.26445836,0.15436428,0.07976746,-0.11389618,-0.01284505,-0.04183149
0.57815788,-0.85065620,0.62933095,0.17308261,0.21997453,0.04044798,-0.06149568,0.44754784
-0.61492817,-0.81183407,-0.01529773,0.12670353,-0.00128483,0.12720956,-0.24475806,-0.01164441
0.78296226,0.62563010,-0.12494123,0.28266047,0.08940828,0.22226134,-0.43905051,0.03751373
0.97678014,0.20991428,0.09056364,0.24514112,-0.29125227,-0.21353763,-0.10889880,-0.01741979
0.98587439,-0.53575302,0.12541813,-0.06458029,-0.09650369,0.47314428,0.45632898,-0.09092491
0.98133244,-0.25167805,-0.23084372,-0.11122652,0.27738466,-0.13293401,-0.08055162,-0.26444242
0.81817977,-0.54607014,-0.15993196,-0.25714605,-0.12140618,0.36046828,0.03990098,-0.10855968
0.42493998,-0.94668022,0.02801242,-0.35980809,0.06330871,-0.03990056,0.17244337,-0.26937468
1.04578862,0.37830055,-0.34141578,0.26963333,-0.10202804,0.07677819,-0.03113605,0.22128140
0.84971521,-0.45684542,0.14470576,-0.32451881,-0.33815211,0.04074932,-0.19176626,0.09407180
-0.36011960,0.89720936,-0.20897920,-0.22871636,-0.17910218,-0.04199362,0.13703461,0.26967871
-0.80971063,0.69627169,0.31311697,0.18002370,0.04676492,-0.47403950,-0.20373789,0.03149302
0.46316537,0.93952063,0.01770550,0.05660434,-0.22251757,-0.21138107,-0.13521822,-0.12707209
-0.17428169,0.99210619,0.04724722,0.20162115,-0.27388457,0.04181203,0.04769851,0.32005232
0.95350812,0.17141945,-0.16564582,0.08473945,0.07956012,-0.12769796,-0.08947238,-0.00723150
0.98467950,-0.34146297,0.17802775,-0.06788965,0.38311361,0.29451124,-0.08246326,-0.12736450
0.84996608,0.37795238,0.11411938,-0.08620490,-0.02685190,0.16223297,0.12392692,-0.16788278
0.92199756,-0.02939042,-0.19275858,0.20066728,-0.03592775,0.15783481,-0.11237523,0.07276346
1.04273121,0.38373440,-0.30753315,0.03261173,-0.51264087,-0.01334322,0.14561941,0.09757636
0.03910851,0.90798332,0.31631311,0.32388995,-0.24289033,-0.16106759,-0.11583809,-0.00514082
0.85266340,0.52852807,0.11926153,-0.05207584,-0.20619580,0.19110541,-0.07025995,0.22867832
0.98926864,-0.33386603,0.23584660,0.16186084,-0.10279864,-0.32615435,-0.11119128,0.12356509
0.58604494,0.77282834,0.05166732,0.03830614,0.08040749,-0.17909666,-0.02568468,-0.13439022
-0.11101006,-0.91013411,0.14770562,-0.09059167,-0.02571130,-0.29911834,-0.11975040,0.15684206
0.14493864,-0.93752280,0.30742295,-0.01328058,-0.07170672,0.22969567,-0.35094192,0.11002323
-0.19094905,-0.99969077,-0.13904530,0.02489426,0.02050766,0.06004271,0.04091402,0.28149343
0.36808545,0.88068212,0.15149256,-0.07673554,-0.22270622,0.11816594,0.00619703,0.17188434
0.46511197,-0.96094426,-0.25711603,0.00624441,0.19894694,-0.27966100,-0.11225892,-0.40781836
-0.23047741,0.96337648,0.02031437,0.05864022,-0.06453334,0.25407536,0.27932445,-0.00188097
0.78152748,-0.79476900,-0.09164826,0.26290217,0.04759913,-0.06713606,-0.04602356,0.10980440
0.95020328,0.34794230,-0.00731499,0.27294049,0.23359683,-0.28540457,-0.03221950,0.14347626
0.95851256,0.39882160,0.06783309,0.11970761,-0.01235664,0.06160709,0.10585929,-0.29578320
0.86798336,0.59767908,0.33930664,0.06142934,0.07550978,0.03542673,-0.10380789,-0.14944981
0.36731306,0.92100976,0.31864350,0.04014682,0.01924294,-0.04329514,-0.01403252,0.00777572
0.81034341,-0.40720895,-0.23105009,0.05243644,0.14355534,-0.18040980,-0.12605964,-0.09070031
-0.18055837,1.00893335,-0.00791564,-0.01725912,0.01795542,0.05163314,0.46646946,0.03805272
0.98010344,0.07340913,0.07265186,-0.06125341,-0.02807223,-0.17940578,-0.16185414,0.09365921
-0.94199898,-0.37049557,-0.13249309,0.06588613,-0.50648316,0.19185230,-0.00499760,0.05712643
-1.02329997,-0.12972892,0.19558292,-0.08493820,0.11267247,-0.07814157,0.06469670,0.29501478
0.14653659,0.90151407,-0.06138601,0.06474434,0.55611755,-0.11135224,-0.40468499,-0.12617481
-0.20981793,-0.88107441,0.00882360,-0.18684983,-0.13108452,-0.36913475,0.04202209,-0.14434244
-0.88399286,0.51014859,-0.16822958,-0.06801240,0.01717441,0.15845208,-0.32885423,-0.00769729
1.04833806,0.00449638,0.05154498,0.00747659,-0.23165996,0.19811968,0.06157179,0.04057646
-0.57189725,0.78623709,-0.37181303,0.10491871,-0.10855073,0.04053631,-0.13455735,-0.16490876
-0.68924308,0.62516277,-0.04735076,-0.04825058,0.02587643,0.00660539,-0.46434745,-0.16444907
-0.11259621,0.95360676,0.28410905,-0.17583720,0.40007879,0.03111429,0.11059947,-0.09410043
0.43915553,0.80068628,-0.02991534,-0.00631613,0.24674155,0.36019573,-0.28534792,-0.02234997
-0.90068626,0.12556866,0.51051582,0.00647593,0.09171774,0.19074521,0.24832565,-0.04608565
0.74429412,-0.65628436,-0.51757836,-0.25764901,0.06237235,0.17657916,-0.43293949,-0.34182256
0.30671622,0.88568634,0.13330045,0.22898479,-0.57543809,0.17647477,-0.01554991,0.30773769
0.71891980,-0.60477945,0.04870874,0.21331803,0.06349778,0.03380823,-0.26332629,0.12313578
0.94746373,0.50161536,0.02455922,0.00998780,-0.09796926,0.17285306,-0.01292324,-0.11314264
-0.78828099,-0.71049497,-0.06225311,-0.17666175,0.25515211,-0.13848633,0.59560140,0.00205141
0.79659963,0.73320588,0.02263363,0.24921087,0.11815855,-0.07784928,0.52258964,0.17856194
-0.67458339,-0.71644271,-0.02379436,0.30181260,-0.12446395,0.03711797,-0.13414500,0.28265866
-0.24602096,0.96224717,0.14473165,-0.08584811,0.17157559,0.21969714,-0.19962416,0.17225884
-0.30553657,-0.86984871,0.15954986,-0.23740630,0.12360728,-0.08729563,0.18549619,0.02086278
0.47643923,-0.76504348,-0.01237242,-0.17331263,0.04446975,-0.16351497,0.11083677,0.01837715
-0.15521630,0.89766158,-0.22636925,0.22713583,-0.37311883,0.35532700,0.06787821,-0.02203102
0.44287393,-0.87255430,-0.00100279,-0.00470579,0.23958349,-0.05642439,-0.01644825,0.11798488
0.07863466,1.00254199,0.06348886,0.04056896,0.18135151,0.33242595,-0.15756113,0.00427981
-1.06845648,0.32720053,0.33459415,0.02780446,0.07424842,0.26006508,-0.22046207,-0.12455748
0.85716828,0.46358287,0.07751817,-0.07405298,0.38557232,-0.11220332,-0.01026661,0.25058291
-0.81208306,0.33145962,0.10655052,0.19606270,0.02763877,0.16150025,-0.15586632,0.04409277
0.87982589,-0.38372651,-0.20246510,0.28227453,-0.06532784,0.08885830,-0.15932157,-0.01316284
0.55298639,0.87950443,0.20134891,-0.31032639,0.15389559,0.56619600,-0.14041549,0.03205424
-0.95002234,0.09522903,-0.32825323,0.15120427,-0.07698565,-0.35280161,-0.24130244,-0.30149366
0.90018833,0.37014364,-0.06163076,-0.22099729,-0.15216883,0.04104978,-0.47905940,0.13499604
-0.17514976,-1.02262204,0.25456258,-0.32021798,-0.03153165,0.25199693,-0.32245838,-0.36603540
0.07978259,0.99345605,-0.01888058,-0.09818325,-0.09266910,-0.08996001,-0.02900046,-0.16647296
0.07759412,-1.00427209,-0.19985513,0.38021042,-0.25164030,0.15822889,-0.14403656,0.08207664
-0.71199287,-0.74671422,0.29952930,-0.16220401,0.59380340,0.09330587,-0.15493709,-0.26579894
0.98546452,-0.23042277,0.00936639,0.16887499,0.28256923,0.03421445,-0.07222849,0.00740151
0.30293188,1.05116754,-0.23624934,0.16946402,-0.33763313,-0.13807932,0.26856182,0.06403627
-0.25772452,-1.01760116,0.22641159,0.00497842,-0.38346881,0.06537784,-0.61166220,-0.40425067
-0.80383577,-0.65011127,-0.08000979,-0.00052840,0.03225316,0.21961712,-0.14341636,-0.16560447
0.91588068,0.50136084,0.06834684,-0.06627333,0.16976079,-0.19485875,-0.00136645,-0.12731697
-0.98965551,-0.13729277,-0.05106699,-0.19158912,0.02245106,-0.19067896,0.13621592,0.18811698
0.97041126,-0.18832864,-0.01557954,0.39160501,-0.02935858,0.27324157,0.32675367,-0.26767436
0.52685744,-0.88818210,0.19423110,0.36060067,0.10914833,0.03118720,0.14011346,-0.05532659
-0.53233072,0.84600347,0.36877423,-0.09348298,0.12558749,0.07888505,0.03636329,0.03783263
-0.82252270,-0.76115947,-0.09682203,0.25900691,-0.19420670,-0.20097332,0.44716315,0.26149636
-0.50729411,0.87319675,0.06950693,0.17014786,0.12925492,-0.00366980,-0.28485409,-0.13593174
0.21155016,-1.02937432,-0.06899621,-0.02440985,0.07015016,0.01529536,0.11931514,-0.11596068
-0.15708164,-1.11459507,-0.13483265,-0.08679836,-0.15234267,-0.10217578,0.01340768,0.16146792
0.48333775,0.81967149,-0.12879542,0.25275947,-0.24270656,0.02813814,0.15271110,-0.26916834
0.16933313,-0.99207105,-0.15553769,-0.03754794,0.20744229,0.05592607,-0.07820380,-0.03653298
1.00324358,-0.30705263,0.16648783,0.15326482,0.32195145,-0.30793432,-0.28616645,-0.45558023
-0.68820224,-0.73649937,-0.00517635,0.15592916,-0.27883848,-0.13039598,-0.05018207,0.15006092
0.43224400,-0.90767232,0.14295899,0.03095342,0.03388755,0.25370510,0.04644248,-0.00282057
-0.59963821,0.71340869,-0.05672509,0.13298003,0.02152517,0.22848104,-0.15789418,0.01623055
0.78012410,0.62733871,0.22857663,0.08021646,0.18283149,0.39499153,0.17032927,-0.21152840
-0.19051518,-0.94177303,-0.07478753,0.05923555,-0.03399789,0.26317292,0.24148020,-0.22539355
-0.00093480,-1.02683097,-0.26194812,0.13052552,-0.02815139,0.08944688,0.49714023,0.26686321
-0.68235527,-0.74454313,-0.23643599,0.25070407,-0.06027936,0.00941644,-0.07495056,0.02046604
0.72954041,-0.64840487,-0.05621961,0.04083398,0.05727657,-0.24041557,-0.35566288,-0.11699955
0.54755996,0.92995956,-0.20191111,-0.19003775,-0.08126641,-0.02669214,-0.32953777,-0.11332718
-0.95657840,-0.20506774,-0.27631867,-0.07589636,-0.00857186,0.14892720,-0.33027385,0.13170298
0.73886039,0.56841406,0.13094116,-0.17976945,-0.16708449,-0.02871066,0.13885955,-0.11503350
0.38432814,-0.95625156,0.06980394,0.22460201,-0.10849637,-0.07228914,-0.04347872,-0.03478101
0.19181746,1.03010806,0.03453060,0.01203586,-0.00417030,-0.20922124,-0.11823406,-0.15089486
0.69326287,0.63912718,0.05943863,0.30891295,-0.06702737,-0.06606627,-0.26660733,0.03753988
0.34012736,-0.87969722,0.08891843,-0.05603351,-0.23104761,-0.01654346,-0.02196398,-0.00187885
-0.98754505,-0.05127565,-0.06012679,0.33712086,0.20635689,-0.02450763,-0.19161896,-0.09444107
-0.47911195,-0.82864044,0.47191636,-0.05343409,0.02592067,-0.07450546,0.01236595,-0.07913562
0.44736085,-0.91485202,0.02292270,0.25224005,-0.10157290,0.05042820,0.12875456,-0.37259688
0.08001211,-0.99845482,0.01951370,-0.36323733,-0.14588496,-0.20748933,-0.09486032,0.30625863
0.99726066,-0.16995832,-0.04813812,-0.14320320,0.31172352,0.18962887,0.27522676,0.38725028
0.44093049,-0.86748571,-0.33561097,-0.15848144,0.09220824,0.04565429,0.14799922,-0.08818190
0.81201981,-0.63537677,0.12288121,0.17310271,0.10830499,0.19198864,0.05114458,-0.09063128
0.47457279,0.79984388,-0.29257348,0.05578872,0.01484768,0.05073034,-0.09885820,0.10492129
0.92138984,0.43149667,0.07326969,0.16361517,0.15620548,-0.17328951,-0.19394383,0.01288182
0.74150550,-0.68326706,-0.15427845,-0.15210628,0.13229857,-0.08910362,-0.46059856,-0.02671854
-0.93749308,0.42366310,-0.31966399,-0.18013183,-0.03483124,-0.01863463,-0.22442371,-0.14683030
0.53665124,-0.85421083,-0.03693169,-0.25483786,0.11832847,-0.14695625,0.06734530,-0.19080056
0.64745503,-0.69086505,0.00001798,0.08834132,0.07536968,0.02129346,0.02080765,-0.26244222
-0.22121452,-0.96306605,-0.45402238,-0.07320156,-0.05565550,0.28345023,0.11982725,0.20741249
-0.97257945,0.42069353,0.21912999,0.09406787,0.06006659,0.01108222,-0.19049852,-0.18495415
-0.42602966,-0.90175403,-0.06101824,-0.14045341,0.06326953,-0.11991038,0.19991786,0.37075602
-0.98486468,-0.33308390,-0.30073983,0.39218370,0.08404574,-0.23707827,0.20732579,-0.33402916
-0.26393366,-1.03029619,-0.07567149,-0.22966086,0.46915603,-0.08295369,0.07163807,0.00283493
0.96139816,0.43168306,0.03751538,0.18050865,-0.07208915,0.06895019,-0.07062207,0.11300916
-0.39655727,0.96623188,-0.12649223,-0.11805062,-0.56682250,-0.21388011,0.11867236,0.45554630
-0.98152142,-0.17717685,0.09485314,0.05453717,-0.11897332,-0.03562257,-0.07822868,0.12086100
-0.67994000,-0.65537423,0.18058498,0.13099787,0.02974954,0.18489314,-0.19685604,0.42755874
-0.40257855,0.91999041,-0.15898375,0.20427696,0.07911026,-0.03751934,-0.13340995,-0.17550947
-0.49237212,1.02943262,0.02270224,0.03871107,-0.14475500,-0.36563398,-0.35669211,-0.12117644
0.78057488,0.42569736,0.15873210,0.10273601,0.03199465,-0.35069562,-0.04293751,-0.00609032
0.72607634,-0.54231654,0.38204294,0.12374218,-0.07688828,0.31871551,0.22166751,0.08931077
0.89881029,-0.51544062,0.29202299,0.01383789,-0.04618293,0.11617697,-0.56308129,0.01744404
-0.02889990,1.04311061,-0.03695643,0.06728868,0.02078251,0.01338458,-0.02660558,0.09075074
-0.15792284,0.90209849,-0.33662609,0.04060911,0.09030244,-0.25426107,-0.08609316,0.26468738
0.78652058,0.70945499,-0.59621475,0.06802089,0.02036081,0.12196771,0.40982952,-0.00081561
-0.34596574,-0.94072613,-0.01234438,-0.00581289,0.15099574,0.11076790,-0.15279831,-0.09510092
-0.60274281,-0.76402576,0.14944497,0.32480973,0.13071460,0.05062714,0.27293777,0.07070828
-0.75595055,0.63930082,0.22963435,0.13903120,0.30890009,-0.06717235,-0.06259337,-0.08719597
0.24765928,-0.93614050,0.18513803,0.06773931,-0.19635900,-0.59299085,-0.36528402,0.28757959
0.38877026,-0.91710349,-0.08517660,0.07857874,-0.38445664,-0.40044704,-0.32762888,0.01293559
0.90417687,0.35893597,-0.02580653,-0.25677482,0.15866386,-0.05703666,-0.00471860,-0.01549747
0.86824010,0.29963367,-0.11901483,-0.25919478,0.04886162,-0.03557316,0.20266928,-0.36320511
-0.46181873,-0.83276849,-0.03340656,-0.16202105,-0.16433518,-0.29970060,0.17885445,-0.04369145
-0.45284835,0.91789797,-0.10078863,-0.04846931,-0.06985578,0.20458498,0.02552329,0.03299681
0.80091583,-0.70786461,0.40819559,-0.18616513,0.25031069,0.28045120,-0.22880687,0.17219937
0.46222188,0.84808410,-0.24049930,0.04858908,-0.19608823,-0.06636051,0.28395911,-0.02698878
-0.38052921,0.83897928,-0.22800827,0.20314505,-0.13956628,-0.31142782,0.22333230,0.05010695
0.73379363,0.67710405,0.28551264,-0.02456486,-0.39475630,-0.22759040,-0.16850534,-0.03221924
0.66286938,-0.82620630,-0.12017480,0.44085756,0.01652762,-0.10575629,0.00659149,-0.25042213
0.67686492,-0.62449601,-0.11647998,0.20028008,-0.05814336,0.05764086,-0.14831783,-0.16016269
-0.69553023,-0.80258159,-0.05683148,-0.05070344,-0.22578075,-0.23360665,-0.12644883,0.09390645
0.93050051,-0.09306298,0.05873830,0.35153335,0.02115697,0.40436423,0.08669559,0.26624672
-0.36155065,-1.01187524,-0.23692616,0.04861250,-0.06699937,-0.39935095,-0.27300117,0.22627040
0.22968173,0.98903470,0.03892523,-0.58076196,0.04975163,-0.11421804,-0.10111581,-0.09037474
-0.58857128,0.71177876,0.24779861,0.08867816,-0.13138272,-0.08516110,0.19400298,0.07537302
0.65048071,-0.76772929,-0.08787053,-0.22810772,-0.38447980,0.17763811,-0.06689321,-0.08377936
-0.40627365,0.92245308,0.41705305,0.11545874,0.18435726,-0.25064616,0.03360008,0.04210286
-0.37046605,0.91473833,-0.19040663,-0.01494385,-0.08863824,0.28745168,0.13121583,0.06643306
-0.18573128,-0.94964363,-0.10010102,-0.18565235,-0.37831601,0.23520690,0.09900371,0.12616559
0.56027144,-0.84599309,-0.19881231,0.23815768,-0.17142317,-0.09324049,-0.24628604,0.01502229
0.84746485,-0.40284864,-0.12057103,-0.28211157,0.10982190,0.25371793,0.14338193,-0.01481319
-0.48579869,-0.89808334,-0.07113987,0.22779170,0.08758009,-0.17529238,0.16672935,-0.03106662
0.77056120,0.70987223,-0.11000239,0.06035636,0.05589665,0.10605183,-0.00680802,-0.04429283
0.40259812,1.01209010,-0.30744001,-0.06884029,-0.04525773,0.02702350,0.19773956,-0.26991624
0.39990521,-0.98075264,-0.15503225,-0.10867512,-0.05844877,-0.12663681,-0.10701826,-0.07252893
-0.47698045,0.92327868,-0.28388422,-0.09159223,0.10090011,0.19572376,0.56433059,0.01718416
0.09351761,-1.01456244,0.13144675,0.02341528,-0.21538145,-0.02428098,-0.01244165,-0.28464586
0.81079182,0.53596859,-0.44785413,0.02948944,-0.05593001,0.27207905,0.11740781,-0.17602323
-0.74777864,0.55242924,0.39202329,0.32550237,-0.01973504,0.15005030,0.03287177,-0.18309704
-0.01602404,-1.03569267,0.16578349,0.20960822,0.27816710,0.20324877,-0.02008229,0.01517598
-0.44974429,-0.86803312,-0.04862240,0.36782566,0.09566664,0.37476055,-0.15395333,-0.00938463
0.17725210,-1.03715271,-0.05837005,-0.02534805,-0.08712614,0.35658523,0.13321975,-0.14829492
0.04152813,-0.94201943,0.10727662,-0.12139322,0.18262372,-0.28421993,-0.09403712,0.34160964
-0.66847482,-0.76184386,0.19527785,-0.02905540,-0.15501401,-0.17657167,-0.41241737,-0.26289520
1.07012514,-0.21612361,-0.00282745,-0.02993319,0.05610002,-0.32907545,-0.06131132,-0.06737761
-0.69196037,-0.71819291,-0.43441130,0.12460886,0.16090740,0.46898868,0.14424223,0.32492273
-0.26130312,1.03954566,0.09789062,-0.23134323,0.04780441,-0.02185533,-0.20913407,0.24175154
-0.50640897,-0.83690573,0.16147296,0.32609795,-0.02626969,-0.26766373,-0.18844333,0.13836203
-0.87189326,0.54662224,0.26221952,0.04310701,0.32037021,0.22458916,-0.08519707,0.02003769
-0.59752751,0.76354784,-0.05758958,0.10078588,0.27311133,-0.17481058,0.14112553,0.01008338
-0.09439686,-0.85883306,-0.06726138,0.27668428,-0.06235397,-0.17895902,0.15638976,-0.28482851
-0.43611692,-0.92918075,0.00542136,-0.04825435,-0.38682425,-0.25992276,0.10715804,0.11273508
0.94697718,0.35018436,0.04683287,0.20797579,-0.13956575,0.29591344,-0.05398823,0.29333947
0.95445875,-0.39503586,-0.05505421,0.06360267,0.20888427,-0.26854796,-0.09250589,0.13069871
0.97141901,0.57045177,-0.17179109,0.09226338,-0.19695916,0.05305134,0.18905031,0.00987946
-0.17578452,-1.05338561,0.23581642,0.28885651,0.17775514,-0.32830340,0.28873535,0.07543041
-0.12255296,1.01049633,-0.04169162,-0.04015252,0.32472265,0.06149931,-0.03352429,-0.24812811
-0.78621401,-0.56323505,0.03807148,0.20364434,0.15115935,0.00775272,0.05010385,0.02504888
-1.01593229,-0.61850809,0.03512161,-0.16353511,0.17529025,0.18653378,-0.20628340,0.08423263
-0.78593653,0.47581870,-0.00243856,0.19572138,-0.13951374,-0.13467090,0.20919012,-0.21390793
-0.14720987,-0.93291040,0.12933896,0.13025075,-0.10019188,-0.05667264,0.02266003,-0.07275188
0.76197247,-0.56058637,0.14669123,-0.03917306,0.57545445,0.12890814,-0.14532709,0.00485860
-0.98118574,-0.32664964,0.09341495,0.09475583,-0.02311019,0.13401746,0.44031787,-0.08343247
0.66373070,0.75543390,0.25278542,0.16734952,0.24691150,-0.00546644,-0.04161991,0.13475731
-0.96216134,-0.36184020,0.31498478,-0.35949942,0.15925126,-0.12923887,-0.41595315,0.08209793
0.82476933,-0.33408665,-0.25234448,-0.19892781,-0.03949099,-0.29496150,-0.01877237,0.02529925
-0.75712710,0.64434925,-0.01130466,-0.22946859,-0.20394597,0.02871830,0.19419578,0.03164305
1.05099493,0.04626267,-0.35920829,-0.19706043,-0.07417435,-0.01172260,-0.06396371,-0.05324878
-0.87199174,0.48564192,0.04994320,-0.36683773,-0.23927081,-0.06928488,0.29552873,0.13485855
-0.05869061,0.93934997,-0.08942906,-0.01390484,-0.23422153,0.23423486,0.14534549,0.11798539
-0.96320661,-0.35616809,0.04168905,0.05509729,0.24158694,-0.15695333,-0.20819148,0.00087266
0.56050168,0.77162743,-0.04059681,0.16652537,0.02267189,-0.37823204,-0.20015737,-0.41627717
0.97552570,-0.20466700,0.08817320,0.42156503,-0.11811785,0.00231134,-0.07521303,-0.55938511
0.61850093,-0.77084284,0.05562849,-0.16604212,-0.25615686,0.11836715,-0.01191521,-0.17714134
0.90143943,0.25071685,0.16431714,0.28442735,-0.25913816,0.23350786,0.01218298,0.07325065
0.96370175,-0.33630129,0.17251861,-0.25863447,-0.09141382,-0.16781452,0.33747290,0.32827654
0.94653669,0.44003183,-0.10387710,0.34867966,0.28030640,0.18140320,-0.01980481,-0.06680574
0.97874351,0.06652895,-0.18494443,0.02672006,0.32865153,0.17972318,0.35054403,0.08698237
0.46355390,-0.89902043,0.13509924,0.07392873,-0.09539031,-0.28828180,0.30245951,-0.07596379
0.96281595,0.15273699,-0.16856133,-0.26038860,-0.10504464,-0.00416498,0.06240778,0.11009664
-0.47930904,-0.91133568,0.08147123,-0.01298066,-0.11751149,0.08910359,0.07946394,0.37657334
-0.99862333,0.30783897,0.12786314,-0.03983982,0.32209366,-0.32761189,-0.12114489,-0.12065499
-0.07355636,0.99360867,-0.30442226,-0.35847900,0.04609961,0.29986191,0.29744649,-0.06879757
-0.61557640,0.76070609,-0.27528141,0.25255476,0.14403918,-0.05545571,-0.06321426,0.19175131
0.51024672,0.96938231,0.06645984,0.00893831,-0.06956766,-0.13055454,0.19350442,-0.08208887
0.59445838,0.71376308,0.25718034,0.11449225,-0.00162608,0.04996618,-0.27455252,0.00741942
-0.85609364,0.65448422,0.09650160,-0.14033135,0.04612607,-0.29872040,0.00472353,-0.11135863
-1.01736532,0.24807452,0.01292711,-0.10846509,0.19083851,-0.12883357,0.19220359,0.15121838
0.44496433,0.80199816,-0.25989180,0.11221246,0.02025150,0.15719029,-0.30061092,-0.22712329
0.86716969,0.14563942,0.02196208,0.00859853,-0.04629684,-0.13415728,-0.26445714,-0.08027202
0.59623816,0.71919255,-0.09591481,0.21334644,-0.26237111,0.15507769,-0.21023788,0.05046828
-0.17075637,-1.06759929,-0.10442429,0.28059063,-0.12811038,0.12407224,0.03268976,0.06146779
0.87188674,-0.49102551,-0.23278053,0.01094957,0.07068735,-0.11166071,0.07219497,-0.19717979
0.99868884,-0.12420736,-0.05218767,0.15737597,0.21382228,-0.10848247,-0.12224223,0.19589102
0.32972825,0.97281684,0.25520821,-0.20601305,0.23535882,0.07329230,0.09196468,-0.45078256
-0.99409872,0.24150083,-0.07801609,-0.07379322,-0.05392772,-0.55871385,-0.03721259,-0.13380201
1.07682672,-0.29604383,0.00095982,0.05695680,0.34887067,-0.15971816,0.33186507,-0.04606948
0.59690008,0.78357067,0.17020397,-0.29569648,0.17943631,0.06872258,-0.11037445,-0.12965511
0.75482709,-0.53452621,0.14597943,0.00036926,-0.09981347,0.10577355,-0.23398016,0.16616262
0.89228358,0.46322870,-0.19888414,-0.06334439,-0.35613634,0.27317563,0.18986367,-0.21437418
-1.00474251,0.31529132,0.07924187,-0.19913007,-0.42336691,-0.32199575,0.23427436,0.06230489
-0.50705537,0.81155536,-0.07141254,-0.13142575,-0.10273285,-0.09149824,0.32942106,-0.18642480
-0.03393653,-1.03517688,0.29703611,-0.19357959,0.40808295,0.21786518,-0.29323929,0.35718794
0.95929321,-0.15355329,-0.22754495,-0.35202239,0.16867240,0.08379835,-0.01610279,0.03818565
-0.91816310,-0.00688298,-0.21149749,0.11588025,0.00464512,-0.04808633,-0.11235472,-0.05539635
0.80808631,-0.48652383,-0.19498239,0.25492063,-0.18856408,-0.08907553,0.00338451,0.15795206
0.83529313,-0.62498290,0.42867880,-0.00301932,0.06432020,0.54229487,-0.17626506,0.19136107
0.20681044,-0.99155185,-0.12332598,0.16563884,-0.28754166,-0.03654007,0.18535153,-0.04690300
-0.59571514,0.68468566,-0.12370275,-0.12185987,-0.06957841,0.12551775,0.01527545,0.39130962
1.02854388,0.25562209,0.44609836,-0.02167891,-0.16010174,0.03045170,-0.21625811,0.10253085
0.05496203,-0.97162365,-0.08112320,-0.02864889,0.09597953,0.23426891,-0.07929359,-0.08236065
0.43857754,0.68521803,0.06863689,0.09621877,-0.15321090,-0.02900796,0.21126733,-0.03070674
-0.94459131,0.10581104,0.07794409,0.50529543,-0.15987757,0.02874573,0.40127044,0.00777810
-0.47569696,-0.69625843,0.19440906,0.17419359,0.16411849,-0.03469699,0.07475938,-0.01203692
0.92653615,0.26601538,0.15755029,-0.26391293,-0.06380112,-0.56425707,-0.02792903,0.15460732
-0.98931677,-0.57739568,-0.19568543,-0.06573533,-0.18220333,-0.09841508,-0.09187662,-0.29141642
1.00246944,-0.46896673,-0.05074472,0.18239537,-0.25113223,-0.02187072,0.10778272,-0.03308160
-0.58059177,-0.87801454,0.00669659,0.16642940,0.24052534,-0.26116769,-0.40786187,-0.03747457
0.88169060,-0.28672174,0.21274487,-0.13147507,0.41029194,0.05175304,-0.35068579,0.19142588
0.23607126,-0.90483627,-0.31579629,-0.05975950,0.03223701,-0.03003381,0.13717542,0.25040170
-0.47619074,0.83064058,-0.02872545,0.34238754,0.05262163,0.17062047,-0.04763512,-0.27654525
-0.96689101,0.42351643,-0.13392931,-0.00062255,0.17840507,-0.30324658,-0.34967628,0.05238375
-0.82630198,-0.66604232,-0.10365313,-0.31587025,-0.01642554,-0.14700514,0.08649625,0.18899225
-0.94296157,0.40680157,0.03744533,0.13979150,0.30546810,0.13192204,0.14185156,0.15859939
0.89728000,-0.63564259,0.06928474,0.24695565,0.25791679,0.45238950,-0.21644464,-0.00756003
0.89195289,-0.45338705,-0.32627260,0.23268369,0.15077611,-0.21299603,0.06736051,0.14738210
0.03631683,0.86207827,0.02576386,-0.01761245,0.12508052,0.06112672,-0.09445493,-0.24193919
0.95969294,0.26703205,-0.05309681,0.15958805,-0.01046638,0.22601807,-0.22245380,0.15215557
-0.41452594,-0.96025539,-0.20672478,0.02401605,-0.13370274,-0.27379162,0.23941609,-0.19075655
-0.41221838,-0.91499339,-0.09387654,0.07265171,0.12364428,-0.01962102,0.20747785,-0.11723020
0.58420808,-0.87606669,-0.19199236,0.07554348,-0.01973615,-0.09264616,0.11566620,0.10701960
-0.68820578,0.61917611,0.02810216,0.09768697,-0.10820580,-0.22813095,0.02503172,0.13584454
0.65893393,-0.69734973,-0.11671533,-0.51520715,-0.11875779,0.16377467,-0.21169830,0.02758173
-0.68408205,0.72093498,0.12939164,0.25959684,0.01485638,0.20943896,0.07969352,-0.09450515
0.13311544,-0.99680584,0.03359803,0.48758962,0.17298709,-0.16416165,0.05859090,-0.11044298
-0.11278961,-1.02435401,0.04326263,-0.30972094,0.07343069,0.07418390,0.16834845,0.44396392
0.18626861,-1.05505972,-0.19938459,-0.11355727,0.17514600,-0.06753039,-0.11722758,-0.22566174
-0.75528682,-0.56835039,-0.02136924,-0.28634048,-0.01588052,0.11240441,0.06876936,-0.24946604
-0.84546670,-0.42113556,0.05903596,-0.24554352,-0.29444785,0.00737009,-0.20575565,-0.26750679
0.57873481,-0.79196936,0.12772681,0.26101703,0.17963963,-0.23162146,0.22846252,0.02350677
-0.90393418,0.31474756,0.08795069,0.31406405,0.01098482,-0.07648077,-0.14144816,-0.02738399
-0.76948348,0.57346007,-0.02445424,-0.10705142,-0.44629662,-0.42956838,0.14066612,-0.19176923
0.46363104,0.82995662,0.07161136,-0.28916756,-0.12780591,-0.04427037,0.11580658,0.33615130
0.86312774,0.64851400,0.00114153,-0.03370050,-0.12741435,0.11751163,0.31554732,-0.09133044
0.07554138,-1.08172216,-0.21249079,0.35480714,0.33748936,0.05923997,0.34197585,0.05032506
-0.55458402,-0.89342963,-0.17241633,0.05255400,-0.03343020,-0.09871651,-0.23058974,-0.15604142
0.50560179,0.91541803,-0.39203221,0.01552811,-0.12228700,-0.24995282,0.14526150,-0.15955219
-0.27125253,1.00871646,0.06677145,-0.02595116,0.13016841,0.18802031,-0.08986101,-0.00170498
-0.57102326,-0.76869344,0.36221595,-0.07865260,-0.11150735,-0.33756997,-0.16962870,-0.34853231
-0.50828669,0.87816395,-0.01219287,-0.12062067,-0.20544268,-0.13752933,-0.29101413,-0.25405701
-0.97099642,0.30125902,-0.18332563,0.13427765,0.30007866,-0.12761474,-0.02166769,-0.25131337
-0.84745714,0.22898573,0.68521055,-0.14807857,-0.32522553,0.28384939,0.21152144,0.09516637
-0.91383331,0.46568834,0.05525955,0.15803822,-0.06283052,0.09530872,-0.04773653,0.09083320
0.24776496,0.86376316,0.01777692,-0.28642176,-0.17079945,-0.33333233,0.16257058,-0.06615119
-0.63478638,0.87844653,0.14163235,-0.04354889,-0.41678761,0.13127233,-0.05365050,-0.07359275
0.15384795,-1.04478410,-0.01724802,0.17687424,0.11362452,-0.12354206,0.29000813,0.22912203
0.07066940,-0.94953577,0.04255361,0.21024748,0.08776070,0.02761008,-0.02042608,-0.06053458
0.83534568,-0.55261510,0.08137914,-0.06084643,-0.28206911,0.01080610,0.33164644,0.27214318
-0.28860397,-0.94394022,0.15573512,0.01635392,0.01461028,-0.02542775,0.01228225,-0.20262183
0.89640778,-0.63844999,-0.02772545,0.30726092,0.21761434,-0.00046361,-0.00050055,-0.11819157
0.93564054,-0.54318582,0.26818170,-0.08500778,0.11430999,0.08738722,0.08267819,-0.05388080
0.88757792,-0.41853753,0.02212163,-0.09146745,-0.42549050,0.14845980,0.15392958,-0.09674137
-0.95978604,0.00130735,-0.18970041,0.14506174,0.14609857,0.17407084,0.18803047,-0.37319798
0.50243023,-0.90672625,0.22619848,0.21566552,0.16755328,-0.01117811,0.56195084,-0.00494517
-0.53276608,-0.86929705,-0.28164222,0.38829103,0.20837044,0.27045539,0.21489576,0.08759119
-0.84647710,0.56198406,0.12009340,-0.03178754,0.08203147,-0.12704949,-0.14758550,0.06771865
-0.40569422,0.89016252,-0.18511711,-0.32142352,0.40949070,-0.21808319,-0.16505943,-0.13672224
-0.89296371,0.25582655,0.11550265,0.06534410,-0.22004174,0.03768915,-0.23645399,-0.02623684
-0.41593982,-0.79278921,-0.17555371,-0.07821057,-0.03244788,0.07049568,-0.45092478,-0.36229671
0.10626085,-0.95140854,0.00396742,0.04364516,-0.03118162,-0.08897242,0.02198276,0.13198900
-0.25186360,0.85262662,-0.20686619,0.04586867,-0.22982565,-0.13402779,0.02851776,0.02211719
0.33808218,0.85958156,0.09548471,-0.06508934,-0.00366789,-0.04907477,0.34184780,0.08993006
-0.92574591,0.60644410,0.24453909,-0.17269150,0.07193453,0.03465674,0.21005756,-0.17344555
-0.72107880,0.68979376,0.15750965,0.26862116,0.02041914,-0.04403251,0.17365051,-0.27789040
-0.73446048,0.67990176,-0.23797615,-0.31137863,-0.32603564,0.16472863,0.17334624,0.02153264
0.69544245,-0.68444816,-0.09640391,-0.21190319,0.15329773,0.16256473,0.25108584,-0.15594267
0.73212713,-0.82445523,0.22839922,0.14231786,0.10381636,-0.00051052,-0.02628349,-0.06902156
0.94966481,0.26270241,0.17891886,0.06014637,-0.19509433,-0.28219322,-0.15087311,-0.00382046
-0.63418956,0.83431748,0.22851375,0.11120431,-0.33050422,-0.46048802,0.17560940,0.29842493
-0.16845862,1.03898379,-0.04949469,-0.12230709,0.20038890,-0.10502658,0.17224766,0.34467485
0.94066124,-0.46052606,-0.25600861,0.18583366,0.00577402,0.51247028,0.01228917,-0.15356038
1.08823155,-0.03111932,0.09182785,-0.14750137,0.27817707,-0.01655602,0.17436749,-0.00374806
-0.86854611,-0.44506579,0.35891662,0.05007595,-0.22546726,-0.05865423,0.20005389,-0.29287597
0.72790071,0.67835697,-0.06977186,0.25893397,0.04490964,-0.19638446,0.18547344,0.09253578
0.99268127,0.42592591,-0.22179514,0.12706456,-0.08444189,-0.42716828,-0.11482022,0.12678243
-1.01782168,0.09734348,-0.09901161,-0.01810161,-0.32269116,-0.15856140,-0.03665450,0.11587705
-0.85011615,-0.59437457,-0.43371784,0.00512443,-0.02883296,-0.20829114,-0.00834742,-0.14870928
0.96062538,0.57572537,0.10097613,-0.18168744,0.25338662,0.07939985,0.35615981,-0.02687625
-0.50577180,-0.83478351,-0.09332295,-0.20784128,0.00301252,-0.01310127,-0.13001572,-0.07681414
1.03926336,0.21352924,-0.26882761,0.33937040,0.00617485,0.18888627,-0.24056594,0.06895823
0.28990911,-0.92347547,0.17470242,-0.32801921,0.23019392,-0.29901328,0.26853967,-0.01055597
0.93418042,0.26593889,0.00781657,-0.19866084,-0.14812029,0.09580665,-0.27475438,-0.17276470
-0.05246625,-0.87144008,0.07434522,0.08977919,0.19285779,0.17658068,-0.50646878,-0.09721348
0.07147259,-0.99199366,0.36606625,0.05019907,-0.24492740,0.11392191,0.39115741,-0.13440410
0.15705792,1.08145766,-0.11708855,0.02352418,0.10378157,0.07153139,0.04311203,0.48490553
0.20876614,1.00658013,0.11345146,0.03857590,-0.28816424,0.34790912,-0.14026999,-0.28289738
-1.05411372,-0.03312346,0.47536030,-0.30814283,-0.25568027,-0.05423642,-0.08720830,-0.01379611
0.85476239,0.34083847,-0.08907641,0.14398107,0.16031974,-0.13126076,0.10968136,0.08461753
-0.87095842,0.41823142,0.01062079,0.56553889,0.03466375,-0.17792930,-0.03077264,-0.11097491
-0.14508450,-0.95212074,-0.21934088,0.16924998,0.08617024,0.00750916,0.14715835,-0.26644750
0.72653768,-0.74485357,-0.25746144,0.10265610,-0.15926142,-0.07029570,0.12843277,-0.20908844
-0.82019759,0.56831935,-0.03797477,0.19641921,0.15845977,-0.25356933,-0.27377448,0.00341356
0.59995720,0.81581281,0.05512855,0.09770185,0.09393786,0.27282787,-0.06406890,0.27654749
0.76573729,0.81696822,-0.02755750,0.19746321,-0.14817182,0.15105594,0.23030272,-0.13107819
0.19239812,0.88121240,-0.00378295,0.07793942,0.18182778,0.38826514,0.33321792,0.06009341
0.05706721,1.03151350,0.17159216,0.10955219,-0.05187715,-0.02869252,-0.01900050,-0.51723181
1.03083992,-0.15766710,-0.02038933,-0.21063562,0.01404133,0.10175508,0.36923277,0.21923034
0.97039970,-0.06616278,-0.26626243,-0.09034064,-0.27216676,-0.01611666,0.22058998,0.21698256
-1.03075613,0.02723443,0.20561767,-0.05028282,-0.39181943,0.03265113,0.01249425,-0.34816439
0.68730406,-0.55443603,-0.09179513,0.24988586,-0.12609348,0.27082728,0.05082784,-0.14539516
0.86713599,-0.36032402,0.13950703,-0.29647124,-0.08091623,0.22887104,-0.14667351,0.08462446
0.31889181,0.91523195,0.15159308,-0.23520594,-0.28756310,-0.27757278,-0.07211886,-0.31491078
0.17854478,0.88089658,0.31485349,-0.07666312,0.33148128,0.11808844,-0.04045180,0.10969365
0.42407203,-1.04286240,0.15752641,-0.01417788,0.17315577,0.04830105,0.03863111,0.05713824
-0.05841152,1.10487099,-0.01100104,-0.21667944,0.17986763,0.22992349,0.27899896,-0.06714683
-0.33716215,1.01378904,0.04210002,0.06435508,0.04526207,0.06041405,-0.01782064,0.09476186
-0.96095249,0.39487474,-0.26353784,-0.01217999,-0.14245231,0.11430042,0.26070791,-0.24539843
-0.48021815,0.94307662,0.29773796,0.16255274,0.09565106,-0.00575665,-0.08348472,0.08389924
-0.09590574,1.01973565,-0.11174995,-0.31869198,-0.16606353,-0.07015551,-0.22914060,0.07135471
0.92848350,0.27225424,0.07648276,0.17026043,0.05467954,0.24962240,-0.11441933,-0.15121295
-0.65715545,-0.58207531,-0.02609809,-0.34474272,0.23217199,0.15027124,-0.14649844,-0.34769145
-0.75276210,-0.73852573,0.24071180,0.37945337,0.05252479,-0.03903692,-0.04293384,-0.05588443
-0.91420848,0.35480314,-0.01304154,-0.32743630,-0.26074043,0.25065741,-0.13135842,0.16610502
-0.85064651,0.13618565,0.17207292,-0.03172893,-0.17177930,-0.01722851,0.01884808,0.02939596
-0.61353982,0.74637061,0.21923260,-0.03481680,-0.07837605,0.19235055,-0.19573761,0.00480474
0.83788002,-0.60081944,0.29216627,-0.04531664,-0.09592142,-0.02571586,-0.10564752,-0.06483702
0.41023658,0.80149377,0.08780528,-0.03459891,-0.14296138,0.65267022,-0.03245690,0.28979587
0.62315708,0.72493754,0.25453689,-0.21273429,-0.20693854,-0.00334652,-0.13865805,-0.05088448
0.83571345,-0.29499631,0.04484039,0.06715086,0.27419141,0.29232670,-0.06275716,-0.36424042
-0.11180512,0.94533892,-0.08775698,-0.13378355,-0.08211108,0.32822668,0.02018853,-0.06696819
-0.46143001,0.89390346,0.57541948,0.00088814,0.03908580,-0.05497399,0.22338185,-0.19338683
-0.67314763,0.58703439,0.07649862,0.46338635,-0.00619620,-0.16401805,-0.03657297,-0.14786761
-0.09733591,-0.98197630,0.06854397,-0.12332325,0.23008547,-0.00604602,0.03229580,-0.09423934
-0.06326828,-1.01744863,0.14291589,-0.15443149,0.13692740,-0.10454145,0.02975877,0.16002180
0.71711014,-0.62507034,-0.21261149,0.03882966,0.25654456,-0.05553692,0.49962527,-0.36849988
0.31879992,1.03557201,0.23472618,-0.15607339,0.28467166,0.24675336,0.26283887,-0.03400387
0.42353201,-0.96664659,0.08160895,-0.06118637,-0.15625734,0.06467814,-0.26137454,0.12773060
0.99827595,0.24110096,0.10290705,0.25376717,0.06162125,-0.25615665,-0.11069476,0.17989773
0.85896814,-0.28384333,0.24165051,-0.04626542,-0.10609031,0.17326891,0.33530450,0.09078160
0.33709231,-0.85905865,-0.04015693,-0.35339958,-0.00674018,0.19350729,-0.52505363,-0.02552639
0.78689404,-0.67568457,0.08912049,0.11088294,0.22180614,0.55477644,0.07480224,-0.17116043
-0.74243086,0.77344119,0.15336103,0.07860346,0.10380505,0.04989545,0.33174583,0.23057406
-0.03851209,0.93009876,-0.05535140,-0.25328781,-0.12167177,0.02751658,-0.23722089,-0.11909353
-0.19437494,0.99582805,-0.29339341,-0.24203528,-0.00793814,0.17968934,-0.00816124,0.18454471
-0.23590935,0.91233430,0.21794827,-0.08174865,0.38979509,-0.10898027,-0.01905104,-0.10004226
-0.02090095,-0.99315830,-0.02785468,0.24914929,0.09615695,0.32960523,0.02470716,0.27122814
-1.02601763,0.10805390,0.52320448,0.31663367,0.12162599,-0.02794421,-0.00414653,-0.02204124
0.82547228,-0.70390124,0.02436107,-0.10851546,0.34886456,0.16797526,0.35009148,0.49412213
-0.39979331,0.95436494,0.09060267,0.14191732,-0.17579516,0.03187639,0.30353614,0.11538293
1.02922958,0.03836587,-0.13285446,-0.11976694,-0.27377969,0.23912409,0.23608038,-0.00633060
0.93070124,0.29512042,0.42040647,-0.25177226,-0.08584237,-0.07916839,0.17668764,-0.23990775
0.50156839,-0.88583463,-0.05593930,-0.22880967,0.12191371,-0.08324360,-0.10312767,0.23664888
-0.95141803,-0.51493661,0.10114947,0.03340724,0.04175041,0.57069039,0.26804214,-0.04001727
0.65012619,-0.68911022,0.15077717,-0.08385010,-0.09496577,0.10627028,0.28986170,0.18927546
0.38265049,1.00332014,-0.46890292,-0.01680515,-0.02540793,0.12400575,0.36950473,0.16910920
-0.68487834,0.78730599,-0.03182869,0.16036774,0.00294619,-0.37020839,-0.16758899,-0.05018101
-0.02936910,-1.02842848,-0.04404372,0.22938320,-0.01060907,-0.11312981,-0.01294206,0.01577037
-1.03411867,-0.07788299,-0.44350661,0.56806170,0.16436081,0.01929805,0.50033253,-0.21997099
-0.35815295,-0.89144295,0.10917840,-0.08280435,0.16821993,-0.06110632,0.27280443,0.10399882
0.48869023,-0.84916097,-0.22170054,-0.01881576,0.00877601,0.46275709,-0.03894447,-0.31815142
0.32206725,0.93358813,0.37864245,0.15149193,0.32660687,-0.07353846,-0.20462031,0.06630986
0.67624474,0.49022861,-0.14750027,-0.02292519,-0.30286734,-0.41262409,0.29693172,-0.10401072
0.53468480,-0.80213881,0.09572721,-0.12655657,-0.08411453,0.33488312,0.26293683,0.15951189
-0.88629739,0.35225914,0.03529136,-0.04791733,-0.38257494,0.07826240,0.14100481,0.06267960
0.12424154,-0.99571819,0.05372467,-0.03828010,0.06788224,0.11255192,0.30053030,0.05902381
0.93935033,-0.07173127,0.07030887,0.17131789,-0.00235083,-0.05341078,0.26565343,-0.42322317
0.71910293,0.57172575,0.16369236,0.12406414,0.07578206,0.07149839,-0.17902398,-0.04395321
-0.12314838,0.95549846,0.14443265,0.06366202,0.09420242,-0.01210576,-0.21991938,0.36299710
0.96341100,-0.05595448,0.13621992,0.27504980,0.25643474,0.15080688,0.18447147,-0.03066166
-0.69847473,0.84914824,0.21015050,-0.24873011,0.14751877,0.15266686,0.17973861,-0.51428489
0.81414524,-0.60385696,-0.17875899,0.09305894,-0.00480896,0.18933406,-0.10142203,-0.20498610
-0.75522508,-0.69952050,-0.22881198,-0.39420555,0.65438221,-0.06318661,-0.03908287,-0.39207140
-0.73399724,-0.74162018,0.07650599,0.16886285,-0.14419217,0.10792091,0.24509644,-0.09610081
0.93076825,0.34332919,-0.15911981,-0.27507936,0.14591117,-0.02894755,0.33501205,0.04724350
0.90591696,0.43862456,0.05058607,-0.21149887,0.34892232,-0.00977284,-0.36975522,-0.10993181
-0.15978114,-1.05568663,0.22481654,0.32434039,0.45931296,-0.12477633,-0.38031303,-0.18502418
-0.04726760,-1.05033241,-0.11525396,0.18314959,-0.16705443,-0.01593616,-0.17876242,0.37013295
-0.35043268,0.92773917,-0.16599434,0.03691906,0.15484396,0.10117680,0.14949618,0.22080632
-0.30471840,-0.84940755,0.06098952,-0.07172724,0.01216869,0.49154841,0.20432243,0.17929830
0.73044375,-0.61591338,0.52300889,-0.13406600,0.07551176,0.19021308,0.20376994,-0.04720738
0.74498533,0.74025187,-0.11216304,0.00905626,0.25960868,0.17599411,-0.20787893,-0.12672030
-0.88821067,0.24110892,0.01452672,0.07280659,-0.28830119,-0.07605938,-0.14009725,0.06527130
0.71350221,-0.66772347,-0.20547095,0.06279601,-0.11734809,0.25362679,0.04825114,-0.03952353
0.78642561,0.61089712,0.20420584,-0.13573926,0.16434049,-0.12850380,-0.18432564,-0.37121280
-0.37184209,0.80970118,-0.27975357,0.37834996,0.00637560,-0.22475093,0.41526124,-0.07547128
-0.16192998,-1.07974597,0.45527120,0.04772192,0.00715918,0.07454422,-0.23186995,0.19950168
0.75513385,-0.60929344,-0.11076489,-0.23425128,0.08147334,0.17657727,0.03528897,-0.03507083
0.20656159,-0.87978654,0.30652178,-0.02573683,-0.17066741,0.51550601,-0.31582447,0.05910630
0.94647211,0.19264396,-0.02284672,-0.33788130,-0.22899825,0.02790440,0.00068556,-0.13146318
-0.90594734,0.51958288,-0.30041183,-0.12436844,-0.13674876,-0.02362959,-0.23757021,0.32855587
0.53714409,0.94504333,0.12032092,0.33422439,0.29334599,-0.26360978,0.08222283,0.16670013
0.96341808,0.34302069,-0.10667566,0.27721945,-0.01290277,-0.08867384,0.05045388,-0.07958659
-0.79514141,0.62734571,0.55446975,0.07942652,0.03023981,-0.07879407,0.08597318,-0.22903544
-0.44418626,0.88699616,0.03228180,0.11202527,-0.02639393,0.15076668,0.12468830,0.12908402
0.01309166,-1.08107561,-0.02307566,0.27876856,-0.00856344,0.27657769,0.06675879,0.00826221
-1.06851803,-0.21056089,0.08848758,0.02459319,0.09871672,0.04227293,-0.17308628,-0.22617517
-0.16360335,0.87354832,0.32744536,0.42817445,0.18524224,0.14661256,0.13165674,0.03694565
-0.96165263,-0.19646978,0.17234893,0.13628030,0.02260554,0.04229023,0.21491171,0.20390306
-0.52721076,0.82956612,0.13917860,0.17996882,0.46903754,-0.17067557,0.11793729,-0.16482950
-0.36817993,0.92057329,-0.06934625,-0.01001913,-0.10273448,0.19260038,-0.07065588,-0.32636359
-0.18347510,-1.03951028,0.00993746,0.04714825,-0.12849515,-0.17829731,0.01510981,-0.21928113
0.62534749,0.89070821,-0.03541792,0.17598022,0.00530858,0.24513830,0.08700817,-0.01514410
0.97199364,0.08216942,-0.22800895,0.16626058,-0.26591032,-0.27591376,-0.16587440,-0.33442188
1.07010032,0.02876764,-0.08583495,0.13605396,-0.44511693,-0.04218178,0.08175998,0.21830986
-0.48402236,0.89572016,0.20036452,0.19892195,0.46349356,0.45072603,-0.03359428,0.29051406
-1.03939830,0.12872660,0.15400869,0.27755377,-0.47389927,0.28252755,-0.16144328,0.33938018
1.00315296,-0.11307151,0.29587826,-0.05942628,0.43851368,-0.18872864,-0.11481524,-0.21476714
0.93237892,-0.26305089,0.17188935,0.23247348,0.17055385,0.22867619,0.23071653,-0.01120814
0.59494018,0.93023095,0.15850883,-0.10448032,-0.19505856,-0.16873473,-0.04149217,0.05003698
-0.36318883,-0.92146698,0.11236647,-0.45709195,-0.06649711,0.21217850,0.05300409,0.24192741
1.05453876,0.08981007,0.00549216,-0.09187654,0.07342254,0.19455185,-0.40909675,-0.17271938
-0.43294151,-0.98015211,-0.27188408,-0.10811812,-0.07108798,0.18519440,0.24109625,-0.17678406
1.10291752,-0.07313703,-0.14482595,-0.09627283,-0.39262070,0.13565324,0.03988911,-0.21045306
-0.78704000,-0.58227437,0.07577130,-0.11311528,-0.26371626,-0.08073134,0.16201390,0.24284271
-0.39526872,-0.95574491,0.04316582,0.05098647,0.12810829,0.11293350,-0.20417764,-0.15758564
-0.62151076,-0.72704831,-0.11114466,-0.16384080,0.20167334,0.29135149,-0.19185493,-0.03463659
0.93226485,0.07749168,0.18108093,-0.29554397,-0.05119714,0.12770034,0.30611311,0.18757394
-0.23983770,1.01601684,-0.18400333,0.16216580,0.14177679,0.21452110,0.13386063,-0.12394945
-0.85044118,0.32607067,0.16234257,-0.26465543,0.00533090,0.04268090,0.24362058,-0.16341777
-0.97800143,-0.15646773,0.20176179,-0.08163821,-0.07023698,-0.20167056,-0.13145357,-0.13966219
-1.04673231,-0.28718418,-0.20887743,0.04202175,0.16309603,-0.23849051,-0.44549499,0.08839172
-0.53378064,-0.89302415,-0.02738039,0.04841727,-0.06191641,-0.15061180,0.19469537,0.03824396
-0.93691936,0.31942069,-0.02567721,-0.01595651,0.10268805,0.03998201,-0.00189925,0.39140512
-0.20995716,0.94946606,0.03173425,-0.13034129,0.14465807,-0.38502732,0.22594059,-0.32188598
-0.32694488,-0.95180481,-0.10615803,-0.11203913,0.23691844,0.47956838,0.20560666,0.02680892
1.01538562,0.40411616,0.23960441,0.17551409,0.26167052,0.19751918,0.26311042,-0.12785273
0.90875169,0.42243536,-0.01193805,-0.04541556,0.01606062,-0.25060616,0.02828631,0.15670511
-0.94536517,0.14458185,-0.01145352,-0.07920556,0.17876859,-0.03920909,0.12132699,-0.08505004
-0.74722802,0.70132008,-0.06170227,0.05567365,0.02593527,0.11682643,-0.03097775,0.08934212
-0.23953845,0.96792854,0.16002496,0.12828912,-0.20154714,-0.16848879,0.07287630,0.06525470
-0.28288799,0.95490002,0.01429685,0.20159452,-0.19508372,-0.28600802,0.19596875,-0.16116674
0.46686485,-0.88034495,-0.22956326,0.30289820,-0.02179948,-0.29104005,-0.05239062,-0.04300129
-0.74800078,-0.77030768,-0.24075247,-0.06667201,0.08079569,0.11450405,0.00733116,-0.17097741
0.95687797,0.10540877,-0.23462656,-0.10075949,-0.00709015,0.07963736,-0.01472004,-0.17358219
0.00471733,0.99895837,0.49268650,-0.05342104,0.12018796,-0.36013093,0.03357077,0.13402157
-0.97603618,0.40021035,0.16737332,0.11489407,-0.53283396,-0.13115809,0.13479252,-0.10635027
0.03483204,0.98663635,0.29753684,0.12879165,0.16645480,0.03179550,0.31684094,-0.56880051
-0.86541872,0.49417696,0.20458583,0.04248815,-0.07497733,-0.36961004,-0.09179728,-0.03441077
-1.01938658,0.08156685,0.20103930,-0.06256272,0.17520932,-0.01417700,0.04872362,-0.10196470
0.66186945,0.60521960,-0.03412581,0.20248386,0.20072415,-0.33112230,-0.19521677,-0.02462364
-0.66827218,0.72015002,-0.05570208,-0.03631144,0.21629744,-0.34659200,0.20729490,-0.05038860
-0.94413805,-0.01432970,0.46733803,-0.36612765,0.23365488,-0.09375089,-0.05050896,0.28131044
-0.94998844,0.22200737,0.28823539,-0.12297220,0.40328089,0.25039439,-0.04695824,0.04253428
-0.64858795,-0.68609517,0.17335173,0.20017022,0.04373635,-0.10549800,-0.13111177,-0.19371930
-0.58821415,0.74003991,-0.11833473,-0.13835428,-0.21392896,0.11319939,-0.05379969,-0.32692997
-0.66388493,0.82806957,0.00199030,-0.07239858,-0.00895010,-0.18751741,0.19955846,0.27606894
-0.99524231,0.37357672,0.04480153,0.10478483,0.34061125,-0.16153907,-0.00568561,-0.13997882
0.44216175,-0.94982611,0.22484404,-0.21427936,0.19567917,0.13258632,0.09132457,0.27060190
0.83450298,-0.37901592,-0.07400485,0.10655243,-0.31151609,0.19285348,0.00347076,-0.11546845
-0.97976599,-0.34092557,0.26337937,0.10343772,-0.07113599,-0.15642703,-0.21285291,-0.06900284
0.10431127,-0.92015120,0.21565563,-0.01593902,-0.03495705,-0.12429323,0.13856524,0.12222071
-1.02996842,0.10662583,-0.22790913,-0.12670789,-0.25187493,-0.01581061,-0.09230923,-0.17846004
-0.28914894,-1.03391281,0.13684624,-0.13249298,0.00022853,0.05594708,0.12554911,-0.07604424
-0.95365083,0.23935254,-0.20155172,-0.08132883,-0.06117893,0.17683566,-0.10168284,0.02505059
-0.98903983,-0.03324850,0.16824378,-0.10012490,0.08776237,0.04963224,-0.37768384,-0.33745335
-0.25908777,-1.02696085,0.04424329,-0.11235670,-0.11226213,-0.07152616,-0.13355796,-0.01537539
0.82894291,-0.63339329,0.27698657,0.19423588,-0.08863747,0.42631026,0.48249003,0.24090669
-0.42252631,0.87954765,-0.06918011,-0.32194974,-0.08966819,0.18898427,-0.08769104,-0.34107222
0.92577176,-0.18003645,0.29698538,-0.31087497,0.16004114,-0.17098742,-0.03294167,0.13472229
-0.77624331,-0.48637895,-0.07459835,-0.25770240,-0.00339970,-0.19997568,-0.10415261,0.14741068
0.96108123,0.18578501,0.05151057,0.15615349,0.27290914,-0.23793999,-0.32703272,0.09879375
-0.87677591,0.38842199,0.15275093,0.34268814,0.09827333,-0.13177952,0.19678314,-0.18328374
0.98897103,-0.15239470,-0.05556878,0.18309555,-0.07926363,0.36254464,-0.20931873,0.13753931
0.13653226,0.97704276,-0.11915713,0.15000220,-0.63895264,-0.15125720,0.32880460,0.03590342
-0.17862105,-0.91363040,0.48172896,-0.22276541,-0.01799248,-0.09392491,0.13977534,-0.14330384
0.43669674,-0.82468343,0.13155024,0.04107383,0.17153109,-0.32283343,-0.18226939,-0.11048810
-0.66503904,-0.72642242,-0.03516877,-0.20286467,0.03750822,-0.09622949,0.17806515,0.35049585
-0.87525129,-0.28869331,0.47853677,0.12773401,0.10809985,0.02342000,0.03510869,0.01927599
0.89551921,-0.38300410,-0.14257623,-0.01712580,0.03079200,0.04064930,0.08772823,-0.36505266
0.85401686,0.44049689,0.02804178,-0.03727570,0.39935759,-0.07502975,-0.04749699,-0.31002032
-0.54456638,0.84569483,-0.02156365,-0.12812545,0.01897183,-0.06885301,0.24580814,-0.16059746
1.03197449,-0.02699433,0.12023882,0.06849568,0.19978572,0.11096423,0.11695520,0.01336420
0.99823342,-0.29573975,0.06933229,-0.31967999,-0.09140516,-0.13596743,-0.36282681,0.26507816
0.95070250,0.18992785,0.11711451,0.30081094,-0.33518609,0.25753978,-0.40556437,0.03334469
-0.94755432,0.27820528,0.13233223,0.14386482,-0.13995793,-0.13531010,-0.16676343,0.02624671
-1.02288158,-0.00821979,0.19278182,-0.22907155,-0.09865479,-0.14937374,-0.15027392,0.11587804
0.80952580,0.66825933,-0.13361909,-0.20783476,-0.30945764,0.18217330,0.23036864,-0.29048915
0.71520377,0.51461655,-0.27941853,0.08288110,-0.05721069,0.16527750,-0.59077608,0.12369866
0.71836433,0.66990158,0.17622335,-0.47522485,-0.01139679,-0.00195175,0.11943560,0.22684678
0.83964920,0.52048047,0.14097810,-0.15295702,0.15328774,-0.03593318,-0.03704001,0.02586463
0.58224905,0.81791593,-0.24062873,0.18491277,0.25375731,-0.29088010,-0.45096292,0.04690120
-0.03595028,1.04791966,0.45722203,-0.08454162,-0.20736572,-0.05688855,0.05632268,0.31444556
0.44243017,-0.91300919,-0.09954773,0.36778354,-0.34984770,-0.01065251,0.23503919,0.05290603
0.56054641,0.87736331,0.03141626,0.10441878,0.04413005,0.20509904,0.04067564,0.25910562
-0.30825910,-0.87386472,-0.06469053,0.35001526,0.25252704,0.13955968,-0.19735135,0.03914763
0.27344404,-0.94070486,0.03417226,-0.17248085,0.03344749,0.13498544,0.36464088,0.00526215
0.98316670,-0.22789188,-0.03081068,0.18277457,0.22748102,0.02234565,-0.12991616,-0.13854990
0.19598934,0.90368127,0.12283672,0.02714635,0.40573755,0.03472361,0.10243360,0.21307462
-0.77241882,-0.70693596,-0.32124402,-0.25718490,0.07822178,0.12311935,0.07325062,0.16307424
0.86899374,0.37705255,0.51784813,0.53898432,0.15845802,-0.02931574,0.05688161,-0.27605673
0.70880519,0.53275376,-0.01313968,-0.05808481,0.42023766,-0.16625962,0.06849407,-0.07495217
0.30322885,-0.95280348,-0.29966228,-0.19085173,0.06234858,-0.11769398,0.09661933,0.02277701
0.62587436,-0.81314664,0.10224852,-0.00794675,0.03452935,0.08156210,-0.01766603,0.27719442
0.96504795,-0.20896274,-0.09731162,0.08789721,0.17624509,0.13486273,0.14242156,0.15970561
0.98210043,-0.26026617,0.15425447,0.20236375,0.18101483,0.06344184,0.06347393,-0.39181165
-0.45027742,0.90249869,0.20730905,0.24647607,0.03472340,-0.21960295,0.10346647,0.20381261
-1.06524779,-0.18370629,-0.21084827,-0.17524677,-0.21067156,0.20602377,0.06780414,0.43862630
1.00889784,-0.08340320,-0.13207375,0.13792336,0.09544313,-0.27716391,-0.25009464,-0.14332166
-0.26894448,-0.86648770,-0.27374035,0.02147397,0.12497025,-0.23959713,0.38797021,-0.14663232
0.15087463,0.95994705,-0.14410207,-0.02045393,0.00644992,-0.06894099,0.15435682,0.01412546
0.32618140,0.93871377,-0.22871779,-0.04479092,0.04900784,-0.02045507,0.20709519,-0.01347231
-0.98612471,0.12981834,0.14988676,-0.02514255,0.00364437,-0.07910021,0.01825159,-0.19199503
-0.79499754,0.69002659,-0.45017363,-0.19193998,-0.00817209,-0.12908838,-0.42770313,0.14090241
0.68338935,-0.79478123,0.09264891,0.30728997,-0.17878506,0.36808952,-0.24637934,0.30305459
-0.82120235,-0.60463659,-0.21776892,0.32641804,0.16390167,-0.33374356,-0.52197069,-0.13235876
-0.95954300,-0.29553795,0.02914421,0.06550085,-0.10175988,0.19304168,-0.11381250,-0.30321077
-0.09756656,1.11246011,-0.12142352,-0.34462302,-0.17610544,-0.07766574,0.14119572,-0.42806648
-0.83478127,-0.45493103,0.09815301,0.16823928,0.40274058,-0.16909166,-0.11728772,0.22181631
-0.96728037,-0.09831453,-0.05757432,-0.22612529,0.13341259,0.07903760,-0.20746853,-0.09655312
-1.04276505,0.37071525,-0.02003006,0.26048005,0.28254359,0.07677819,0.25113084,0.22249738
-0.71338272,0.77289250,0.14037721,0.38687652,0.14781154,-0.06862058,0.06566188,0.47872738
-0.95851792,-0.37777455,0.20061367,-0.05760679,-0.29862820,-0.30112176,0.02109071,-0.10850617
-0.99148102,0.11789592,-0.26212328,-0.13805523,-0.23127513,0.25588253,-0.13945249,0.32356800
1.06099368,0.11811811,-0.00145216,0.19087688,-0.40377273,-0.07524770,-0.13111901,0.25364429
0.52177968,1.01049877,-0.12512548,-0.24116335,0.00354766,0.28545879,0.01050322,0.33989937
0.90747966,0.42570206,-0.05060343,-0.03125326,-0.11875985,-0.02745272,-0.14339148,-0.18827463
-0.88110937,0.32371462,-0.03986713,-0.10148038,-0.29647796,0.14060328,-0.11546819,0.41251532
1.02451919,-0.30302027,0.26816871,-0.08672365,0.43427020,0.22650617,0.22367331,-0.15204892
1.03005298,-0.44790281,0.05085314,0.38888067,0.09287348,-0.43537134,0.09398725,0.38051586
-0.86343010,0.53323329,-0.10453290,0.02446217,-0.52596713,-0.34322365,-0.03655365,-0.09364347
0.90324497,-0.19063393,0.09416823,-0.15666734,-0.39872041,0.13867324,-0.07953507,0.16863361
0.14563327,1.00984634,-0.02900549,0.17173388,-0.03649996,-0.38758310,0.13712176,0.07675688
-0.72158229,0.60567527,-0.06816876,-0.07475169,0.16967664,-0.27382313,-0.32388064,-0.02604532
0.83073573,-0.62848777,-0.14749866,-0.34931128,-0.07880336,-0.45130138,0.28157247,-0.00297638
-0.96331783,-0.03357809,0.04389459,-0.20934470,0.16304883,-0.06462907,-0.15279622,-0.41210982
0.01991549,1.04258159,-0.08107263,-0.38539715,0.19320867,-0.01969622,0.20841394,-0.00448451
-0.75453520,-0.67623489,-0.31639781,-0.31285062,-0.01094590,0.15429064,0.22961162,-0.01577463
0.48303973,0.95132910,-0.03912226,-0.09921245,0.10427579,-0.09970186,-0.04113654,0.24589654
-0.78195473,-0.38393404,0.14432022,-0.02588233,0.14021691,-0.17197941,-0.15411326,-0.28691395
-0.66138413,0.79716831,0.24351578,0.07429241,0.04254759,-0.04551805,0.12034123,-0.03556172
-0.04271138,1.01155313,0.18308225,0.10791069,-0.01189351,-0.07576724,0.02022800,0.04345533
0.60203187,0.83098330,-0.21241360,0.22499074,-0.27176154,-0.24285395,-0.17782719,0.03212851
-0.86891389,-0.27503099,0.14682129,-0.48306936,0.04413036,0.06891063,-0.25562631,-0.01961005
-0.13019058,-1.05967168,-0.02235098,0.06563979,-0.10555904,-0.01497392,-0.24395430,0.12366150
0.04287572,-0.94863021,0.41181528,0.33433443,-0.09599512,0.08371465,-0.05518862,0.08964638
0.23659633,0.99804027,-0.01365399,-0.16459202,0.24312345,0.14222309,0.06405532,-0.03307385
-0.41424602,0.85873867,0.01182205,-0.00044298,0.37307736,0.02596331,-0.05478070,-0.04814639
0.10280363,0.96772873,-0.09827006,0.21792472,0.23174010,0.28131784,-0.17402259,0.08645762
-0.32339257,-0.91596750,-0.31892769,-0.04148493,0.21560173,0.03967963,-0.48578701,0.19927716
0.91282908,-0.02007197,-0.00161578,-0.06572534,0.23082649,-0.00752250,-0.32258506,-0.17216196
-0.53684535,-0.82513058,0.16041188,-0.15895634,0.10890954,0.20747821,0.02048659,0.14760883
-0.22037178,-1.03420786,0.09307469,0.09543948,-0.24621590,-0.05698472,0.16978106,0.34527007
0.32727417,0.86297006,0.00518177,-0.19158398,0.09013144,0.09528035,-0.17621436,-0.17060344
-0.89665515,0.42351952,0.10445481,-0.26961809,0.16752267,-0.12043454,0.07445697,-0.30989241
-0.74408502,0.50849366,0.42758253,-0.33010379,-0.36402769,0.14800558,0.18323136,-0.35507418
0.00548974,-1.06888176,0.28668905,0.03039838,-0.30645284,-0.38569948,0.42513299,0.08612265
0.91210470,0.14523050,-0.04245775,-0.03782340,-0.18419388,-0.05443316,-0.21992960,-0.07958063
-0.84217158,-0.42022220,-0.13196116,0.35179129,0.26687366,0.01312505,-0.34627479,0.26491343
-0.97600003,0.05679000,0.29204444,-0.16246781,-0.04900482,-0.08796599,0.04148704,-0.02302981
-0.32838988,-0.99685538,0.09400346,0.01377823,0.05409374,-0.16143157,-0.00244208,0.28361342
-0.14973093,-0.95272147,-0.07680306,-0.19826365,-0.14075493,-0.12551677,-0.24206183,0.09788735
0.65074292,0.77879121,-0.09127830,0.03666091,-0.14889400,0.21424071,0.47513466,-0.53379859
-0.93660063,0.49179136,0.04403461,-0.05111351,-0.29760745,-0.01147913,-0.07639979,-0.02543103
0.35608124,-0.93655966,0.46450400,-0.24645943,-0.07410053,-0.25271479,-0.02847456,0.31525979
-0.72918472,0.64529276,-0.26338587,0.11266516,-0.13956250,0.12960462,-0.13652574,-0.10366391
1.00850745,0.03155562,0.24421207,-0.22677650,0.03290315,0.09312284,0.47598518,0.09814553
1.00978075,-0.39677266,-0.02558293,0.00091582,0.21690251,-0.19633673,0.08423085,0.57681597
0.34693606,1.06810734,-0.10137663,-0.02338736,0.33754040,0.10123098,0.23338130,-0.13887794
-1.01176505,-0.32060297,-0.16530981,0.06162615,-0.05175060,0.05057228,-0.27569051,-0.40452108
0.72495544,0.58854887,-0.01261407,0.52457368,0.21086861,0.09779149,-0.12380470,0.08359473
0.42047672,-1.01629623,0.29680553,0.16230966,0.12546734,-0.15215667,-0.12629917,0.23511293
-0.21182089,1.03446411,0.07729856,0.01957597,-0.07235136,-0.02122886,0.16657406,0.08181209
0.99947983,0.23692213,0.07361456,-0.19473108,0.04012052,-0.01045518,-0.24616932,-0.46635140
-1.01752457,-0.30673654,0.01071816,0.26240278,0.01205147,-0.00391635,0.08445665,-0.07749110
0.16723775,1.03304278,-0.16307027,-0.09211597,0.25009280,-0.10526408,-0.14438933,0.12490155
-0.95966484,0.25227661,0.14602784,-0.12505242,0.28553183,-0.20867505,-0.04910548,-0.08029622
0.87658572,-0.26242576,0.13874076,-0.16124283,0.38493244,0.05337772,0.07096840,-0.15098293
0.87307393,0.47748795,-0.19759235,-0.13553384,-0.16336974,-0.25938387,0.12808474,-0.15875592
0.73903161,0.72252568,-0.06704193,0.01043815,-0.19723430,-0.42658640,-0.12916678,-0.00373745
-0.90592599,0.31634273,-0.37094410,0.06022530,0.41891903,0.19334406,0.20002850,-0.07048451
0.18316290,0.94116724,-0.06584222,0.12950491,-0.19497422,0.07760345,0.03574746,-0.44386586
0.64767359,-0.67656047,0.10860914,0.07464707,0.25743766,-0.01260608,-0.15249368,0.18238241
0.88689817,0.53875958,0.30400947,-0.03486696,-0.29705737,-0.17861762,-0.17191583,0.23393981
0.72079481,-0.57227247,0.02625305,0.28129518,-0.01520572,-0.14394198,0.07224533,-0.16678631
0.94803407,0.24912629,0.03774325,-0.08603669,0.02432632,-0.28356501,0.31524410,0.47403996
0.09792180,0.95372375,-0.13521117,-0.28936475,-0.37572121,-0.02811015,-0.03276631,-0.12623978
1.06147891,0.08208939,-0.19614488,0.08355481,-0.25308860,-0.07057758,-0.16690880,0.05923473
0.77260216,0.71981524,0.05302181,0.09443602,0.04887969,0.22400977,-0.20997173,0.07989359
-0.75972780,0.86105322,-0.44330157,0.19526119,-0.04050451,0.13013367,0.05548222,0.12444673
-0.59178930,0.75793098,0.15835340,-0.26060731,-0.17885539,-0.02435885,0.31743404,-0.16606069
0.63233293,0.75141328,-0.10554739,-0.26048483,-0.39476241,0.15771121,-0.22693996,0.06943236
0.29390260,0.96288637,0.08915875,-0.42970521,-0.02310881,-0.20963132,0.04530241,0.03914150
-0.64802511,0.64113552,-0.12926816,-0.29124526,-0.24975691,0.19887799,-0.20998962,-0.07120731
0.92374016,0.22669710,-0.19981266,-0.42480815,0.18737746,-0.11729720,-0.32800080,-0.13042389
0.92722019,-0.47579785,0.02628352,-0.00003326,0.08902465,0.00078207,-0.20145130,-0.32878404
0.33111269,-0.94476460,0.30488555,-0.06045977,0.07931248,0.00877342,-0.35425005,0.14854617
1.05838738,0.25193298,0.07908905,0.24404516,-0.02767134,-0.06048542,-0.13258997,-0.08995795
-0.34933094,0.86068013,0.08019815,0.11099679,-0.59071444,0.02858053,0.10952614,0.04006923
-0.03911867,0.94933885,0.13050066,0.07816829,0.08403024,-0.23375609,0.04959110,0.28391489
-0.39697329,-0.88988574,0.16784875,0.15961789,-0.13955638,-0.13493586,-0.13960450,0.22388310
0.05906648,-1.00174903,-0.26183225,0.01977373,0.25581630,0.04882547,0.12123898,0.09109371
1.00395492,0.40003603,0.09046942,0.13123159,-0.02698056,0.32931288,-0.21685364,-0.08211844
-0.57344524,-0.94448254,0.21102878,-0.15429917,0.00956769,-0.09538384,-0.27724036,-0.16612696
1.01071453,0.03871236,-0.15104980,-0.00618283,0.15811957,0.26884434,0.06371244,-0.16692365
0.80031983,0.54938918,-0.06675210,-0.12100032,-0.14200421,-0.11639872,0.02568148,0.12924811
-0.98232700,0.06839610,0.27748710,-0.05340208,0.05676327,0.29690817,-0.18515499,-0.12606778
0.68301977,0.78525826,0.13800055,-0.04662805,0.01620592,0.01305425,-0.04277623,0.29695631
0.63364465,0.68711515,-0.27591647,-0.13748143,0.03418523,0.03122479,0.05412533,-0.08518892
0.53007334,-0.77845525,-0.24022386,0.07670596,0.08033190,-0.05594536,0.21519036,0.00955434
-0.12760641,-0.89547435,0.34921681,-0.22976735,-0.01533268,0.17341668,0.11976038,0.20031334
0.12443801,-1.01923041,0.13577362,-0.32270160,-0.18830867,-0.21625931,0.09390992,-0.33027247
0.83331713,0.57418548,0.39376870,-0.10645717,-0.00505443,-0.23543481,-0.11632113,0.25842692
-0.93298670,-0.13143524,-0.10178503,-0.03349647,0.34599680,-0.02539203,0.08473148,0.20733517
1.06390092,0.10425846,-0.21427534,-0.19870296,0.33679035,0.07939264,-0.38398693,-0.10374264
0.61633541,-0.81390328,0.12600798,0.13163168,0.26450179,-0.37813380,0.05674909,-0.04253146
-0.91931605,-0.43142171,-0.26626796,-0.27829199,0.32072323,0.08003037,0.16241029,0.26053351
-1.01482498,0.28968219,0.01965441,0.10631909,0.16050875,0.12680347,-0.07653636,-0.00321387
-0.39203757,0.95324466,-0.44124966,0.28314928,-0.18575010,0.43561341,0.09691804,0.35159944
-0.68594914,-0.67009744,0.08537248,0.08490202,0.09275962,-0.49712786,-0.29522190,-0.32324793
0.81698509,0.48661017,0.16605579,0.07190273,0.24991122,-0.13986962,0.07169312,-0.09935788
0.10782612,-0.89346059,-0.01957893,-0.18589336,-0.10793643,-0.19388243,-0.22155940,0.56431364
0.93583705,-0.47432956,-0.04157527,0.00127726,-0.29841802,0.20931541,-0.18957697,0.10100675
0.18612532,-0.94746374,0.64387936,-0.12995924,-0.31381944,-0.11244003,-0.20870697,0.21068142
1.03443493,0.02494176,0.34674461,-0.05526710,-0.27324636,0.21076304,0.12291142,-0.21417198
0.32137286,-0.86055587,-0.14561785,0.10084742,0.04711044,-0.25051983,-0.22925921,-0.06055152
0.82041091,-0.40883617,0.11089131,-0.14078278,0.07753015,-0.12604562,0.07442503,-0.19136242
1.06902863,-0.17256736,0.17544615,-0.26505636,0.22588521,-0.04654246,0.26130476,-0.28409893
1.05189956,0.18360050,-0.15537676,-0.24894336,0.38029316,-0.01419178,-0.07681270,-0.34796315
0.46505724,0.79901167,-0.04578397,-0.28975930,0.10473685,-0.01086871,-0.30618916,0.41286883
-0.97252332,0.43157554,-0.17427919,0.14947562,0.23248296,0.11174293,0.09840534,-0.08270677
-0.38786244,0.88313988,0.04208217,0.07480734,-0.05918384,0.15592693,0.31295607,-0.45227091
0.34577394,1.03955917,0.28535445,-0.09460255,0.13684175,0.03912363,0.03043957,-0.12671239
-0.42495828,-0.97261198,0.32549279,0.05592729,0.03006528,0.23201915,0.67637490,-0.04326473
-0.00355504,0.95224132,-0.22527065,-0.50891991,0.20478838,0.28873819,0.27483632,0.21024553
-0.92637060,0.24313189,0.21955187,-0.19480154,-0.31070677,-0.03857748,-0.25485277,-0.21716136
-0.23837679,-0.98996607,0.03457692,-0.20256226,-0.11695022,-0.02748497,0.03568006,0.09950255
0.15728014,-0.82816716,0.09511287,0.13954269,0.00028915,0.04065236,-0.18084709,0.05045228
1.03395812,-0.25787249,0.27012062,-0.10073922,0.22161521,0.34326333,0.04979742,-0.07549397
0.83840581,0.44256375,-0.18012623,0.21488369,-0.38489189,0.18676449,-0.15409458,0.19213629
-0.33247567,0.99348065,-0.09834341,-0.45199893,0.59568711,0.00904254,-0.02315330,0.00035048
0.53241443,-0.64596656,-0.15160970,0.44421761,-0.13940091,0.13323427,0.27395570,-0.04319732
0.48735742,0.89599232,-0.20029434,-0.16092016,0.22192759,0.21464233,-0.18276815,0.20794209
0.27491728,-0.94600457,0.14288488,-0.41693234,0.12681722,-0.06073573,-0.30003795,0.13790428
-0.38215482,0.85665526,-0.05704557,-0.13783150,-0.26909164,-0.04888683,-0.21584210,-0.09295253
0.85514745,-0.72090848,0.08287565,0.05445707,-0.05887824,0.18853740,0.23484426,-0.10346070
-0.99968881,0.26153477,-0.06391900,-0.09210746,0.39282759,0.27160032,-0.27861262,0.15333861
0.72590930,-0.57122448,0.04756081,-0.14198667,0.05840187,0.10153823,-0.13622247,0.29898164
-0.26642668,-0.93982761,-0.33546932,0.44665892,-0.16668844,0.00863169,0.05320018,0.17577307
0.95752493,0.38971571,0.01605565,-0.30867650,-0.06302673,0.41189991,-0.12716056,0.13014095
-0.52675936,0.96852036,-0.08382434,0.07350649,-0.03578584,-0.13112668,0.20924767,-0.05499324
-0.28959116,0.99770983,-0.07178235,0.00867634,0.01675388,-0.17749644,-0.11619236,0.40760615
-1.02042367,0.00063677,-0.10497595,0.05635304,-0.14389419,-0.41948404,-0.13042127,0.15948450
-1.05583547,-0.20002608,-0.13274687,-0.08745264,-0.25458783,0.03368660,0.14348915,0.02310727
-0.14086431,0.97096264,-0.00346413,0.07473884,-0.05990636,0.01874779,-0.16909382,-0.19203809
-0.95177978,-0.50859376,0.01165519,-0.21638032,0.29314433,0.22826996,0.33021372,-0.04125929
0.71455458,0.79053630,0.17302446,0.29175442,-0.20968846,-0.04870251,-0.42675719,-0.06732618
0.81492894,-0.62206312,0.46744076,0.12668962,-0.09839185,-0.16597039,0.04200744,0.32523347
-0.16093596,-0.95165862,0.00501723,-0.08058490,0.17090533,-0.10582737,-0.00180296,-0.01332234
-0.11396041,0.93766983,-0.27531888,-0.36443547,-0.31535637,-0.07059706,0.01238103,0.09792760
0.58040220,0.84414456,-0.37434172,-0.14573499,0.07632003,-0.26385191,-0.11031687,-0.10005479
-0.47747857,-0.95154054,-0.35314730,-0.08681311,-0.07067118,0.15799379,-0.13474080,-0.05930718
-0.98871067,0.20045956,0.41063056,-0.52981242,0.10817641,-0.17451322,0.00324744,-0.32618023
0.25600228,-0.92578112,0.10177518,0.26527101,-0.26736143,-0.33995648,0.22127168,0.38556373
0.99189389,-0.45018662,-0.33091551,0.18257974,0.34585021,-0.03793712,-0.28753318,0.22278499
0.84030110,0.66052354,-0.14085306,-0.14291171,0.09827297,-0.20993294,0.01818702,0.20983996
0.10318745,1.03163544,-0.08814913,-0.36030959,0.02671665,0.03448331,0.04712349,-0.09055810
-1.07562015,0.15249674,0.15529191,0.34971984,0.01738031,0.00095291,0.11996783,0.10241475
-0.55008372,0.84147958,-0.06627372,0.31136038,-0.25277389,0.21980588,-0.18348484,0.08786911
1.09621827,-0.04152900,-0.22007357,-0.20741694,0.26130584,-0.13315905,-0.15367344,-0.21005487
-0.79747308,0.56933186,0.10216839,-0.15317142,-0.25687824,-0.02547480,0.16435234,0.13912467
-0.53389353,-0.77178853,0.05506900,-0.13016827,-0.29740941,0.02683694,-0.08487393,0.04731898
0.96826838,0.09940481,-0.24283807,-0.16647895,0.14478991,0.00782828,0.14547651,-0.08219369
0.88177061,-0.49171098,-0.14110196,-0.01272393,-0.03619470,-0.05966964,-0.00070340,0.18239904
0.86123921,0.58145908,0.07303745,0.37061235,0.20230577,-0.25229088,0.08120283,0.21513498
-0.32189195,-0.89647342,0.16197736,-0.57428892,0.10640841,-0.16594314,-0.19718317,-0.35716931
-0.65113610,0.77844142,0.21153622,0.22121176,0.12435083,0.24075536,-0.09070263,-0.18055146
0.10885129,0.91097905,-0.08148120,0.14223601,-0.16113713,0.31084069,-0.27522297,-0.11914113
0.16853348,-0.94318578,-0.26378572,0.16536843,0.11730128,0.00275856,0.10870666,-0.10273163
0.80723465,-0.72154172,-0.22518526,-0.04411339,-0.04786145,0.06400947,0.13004977,0.33715829
-0.52635043,0.85222662,0.05144452,0.26021062,0.20461656,-0.02520604,-0.05150616,-0.06162122
-0.43871912,0.80314501,0.06441031,-0.24881066,0.18617139,-0.02647933,-0.05286566,-0.05960510
0.37480615,0.87001958,0.12565378,0.13588251,-0.15122368,-0.28311495,-0.43203706,-0.11611891
-0.48238612,0.81609955,-0.29108837,0.13454337,-0.11011237,0.23158909,-0.04830982,0.01271007
-0.96861593,0.12283822,0.01156719,0.12035768,0.14980336,-0.13805186,-0.24583924,0.09004458
-0.94159544,0.14204797,-0.08090608,-0.08427603,0.07280715,0.19787790,-0.18316613,0.09298833
0.60678651,0.89346186,-0.14812653,-0.28510724,0.01438546,0.27896296,0.16801450,0.29734752
0.55602267,0.79271056,-0.15321190,0.11984987,-0.02972641,-0.14835995,-0.06757881,0.12342661
-0.82105275,-0.55972436,0.47845614,0.16330457,-0.17182704,0.22910440,-0.15717339,-0.20636329
0.64043119,0.85098505,0.01593587,-0.08640210,-0.02274684,-0.33156277,0.19523707,0.26058941
0.71923443,-0.69203213,0.18900643,0.25679986,0.31353103,-0.22755761,0.18088031,-0.01081212
0.56771805,-0.89580858,0.43194235,0.35156954,0.01727582,0.10885628,0.06622223,0.07141608
-0.97969995,-0.22830617,-0.26369274,0.24498980,0.08993666,-0.06958828,-0.11435668,-0.27560166
0.43028928,0.96880401,0.04805271,0.07616854,-0.11551183,0.22097061,0.16880945,0.05633262
-0.55114934,-1.00135366,-0.17428949,-0.37847013,0.01405244,0.15757402,-0.29343738,0.08153209
-0.95822675,-0.11220726,0.15206455,0.19239388,-0.12933350,0.15633374,-0.07761997,-0.50811307
-0.96695850,0.42055892,-0.05978420,0.27397349,0.09552632,-0.10911826,0.04604538,0.06886251
-0.14896198,-0.92573065,0.03315617,-0.18640620,-0.20792261,0.01159564,0.43480807,-0.23861185
-0.10465974,0.97701756,-0.32194772,-0.07227456,0.18642110,0.05782959,0.05805176,0.24717534
-0.79654884,-0.51774527,-0.19060235,-0.06049689,0.07169654,-0.06502205,-0.04711073,-0.11203409
