case,family,field,size_level,variant,parameter,phase,cells,nonzeros,bars,tamerop_seconds,phat_seconds,phat_over_tamerop,ci_low,ci_high,pass_min,pass_max,classification,tamerop_allocation_bytes,fixture_sha256,mathematical_check
graph_s1_v1,graph,F2,1,1,4096,construction,8191,8190,2817,8.8063e-05,0.000119006,1.3952397107783632,0.7583961481773818,2.5668561941028964,0.8932037377565956,2.383356784420177,win,631208,121b8091171c24662f46c8e73c5dc59aceb574d4f6875380e713cddf819bd3dd,independent complete DFS component-map ranks and graph cycle ranks
graph_s1_v1,graph,F2,1,1,4096,query,8191,8190,2817,0.000286223,0.000561451,2.008416354747056,1.6131499369993478,2.5005339934604507,1.756756956423772,2.7219580536854133,win,659240,121b8091171c24662f46c8e73c5dc59aceb574d4f6875380e713cddf819bd3dd,independent complete DFS component-map ranks and graph cycle ranks
graph_s1_v1,graph,F2,1,1,4096,combined,8191,8190,2817,0.000455998,0.000672263,1.3487711164447025,1.1512103205297066,1.580235593890809,1.133656448075705,1.5044386159588419,win,1290480,121b8091171c24662f46c8e73c5dc59aceb574d4f6875380e713cddf819bd3dd,independent complete DFS component-map ranks and graph cycle ranks
graph_s1_v2,graph,F2,1,2,4096,construction,8192,8192,2837,0.000123671,0.000117388,0.9695324230619988,0.7031912105479754,1.3367532262469022,0.767206755689815,1.5073189938699565,near_tie,631272,b99346816ad03e0be17123cdc6f94d8c34a980c61599b63a5fabb86b7387ae9a,independent complete DFS component-map ranks and graph cycle ranks
graph_s1_v2,graph,F2,1,2,4096,query,8192,8192,2837,0.000300457,0.000506644,1.7293581012276535,1.5128388662285353,1.9768658176646365,1.4860902526839057,1.9293842380107635,win,659992,b99346816ad03e0be17123cdc6f94d8c34a980c61599b63a5fabb86b7387ae9a,independent complete DFS component-map ranks and graph cycle ranks
graph_s1_v2,graph,F2,1,2,4096,combined,8192,8192,2837,0.000417714,0.000581982,1.430947106612563,1.241256734577278,1.6496261932630714,1.2682768592864975,1.6211699633259185,win,1291232,b99346816ad03e0be17123cdc6f94d8c34a980c61599b63a5fabb86b7387ae9a,independent complete DFS component-map ranks and graph cycle ranks
graph_s1_v3,graph,F2,1,3,4096,construction,8192,8192,3089,0.000120588,9.5289e-05,0.8509815939722785,0.6302659581588047,1.1489906188097416,0.6364943961036187,1.233098718281978,loss,631272,88a4a642ac0a31bca68bf63e2d7bf29036bd834b01b3c52b6054cefd88973884,independent complete DFS component-map ranks and graph cycle ranks
graph_s1_v3,graph,F2,1,3,4096,query,8192,8192,3089,0.000306243,0.000491194,1.6940680983402954,1.4952623239969975,1.9193065161588776,1.5121390529742722,1.897643212380931,win,679336,88a4a642ac0a31bca68bf63e2d7bf29036bd834b01b3c52b6054cefd88973884,independent complete DFS component-map ranks and graph cycle ranks
graph_s1_v3,graph,F2,1,3,4096,combined,8192,8192,3089,0.000422838,0.000591762,1.466218124728156,1.2346849934415287,1.741169286660775,1.1984954332934652,1.6826123556095964,win,1310576,88a4a642ac0a31bca68bf63e2d7bf29036bd834b01b3c52b6054cefd88973884,independent complete DFS component-map ranks and graph cycle ranks
graph_s1_v4,graph,F2,1,4,4096,construction,20480,32768,13587,0.000440226,0.000370122,0.8125577849114944,0.7187252053539532,0.9186405999148433,0.7532851347030138,0.9594640025804927,loss,1738880,a06f84e116eee02a2d7c2eb3505edb23e6f99a80b058366db6dc68ec241097d4,independent complete DFS component-map ranks and graph cycle ranks
graph_s1_v4,graph,F2,1,4,4096,query,20480,32768,13587,0.000634592,0.006071507,9.62707551110431,8.461816368711471,10.952800067749203,8.59734256007123,11.1318773778168,win,1584440,a06f84e116eee02a2d7c2eb3505edb23e6f99a80b058366db6dc68ec241097d4,independent complete DFS component-map ranks and graph cycle ranks
graph_s1_v4,graph,F2,1,4,4096,combined,20480,32768,13587,0.001303311,0.006477691,5.180548676304028,4.495522705676201,5.969958633212713,4.396985298189374,5.905782272995471,win,3323352,a06f84e116eee02a2d7c2eb3505edb23e6f99a80b058366db6dc68ec241097d4,independent complete DFS component-map ranks and graph cycle ranks
graph_s2_v1,graph,F2,2,1,16384,construction,32767,32766,11427,0.000652654,0.000448481,0.7317962813384579,0.6107574955493745,0.8768223088266671,0.6019861547356742,0.8568674579094987,loss,2578984,65557b6ea3ca253efc896d78b30278c152678eb339ce2c9ee51fb2063494072b,independent complete DFS component-map ranks and graph cycle ranks
graph_s2_v1,graph,F2,2,1,16384,query,32767,32766,11427,0.002030999,0.002159787,1.1653669484735762,0.8276305578749826,1.6409255454288811,0.8689176362063142,1.8206051547379514,win,2817384,65557b6ea3ca253efc896d78b30278c152678eb339ce2c9ee51fb2063494072b,independent complete DFS component-map ranks and graph cycle ranks
graph_s2_v1,graph,F2,2,1,16384,combined,32767,32766,11427,0.002115219,0.002705586,1.2340981918841731,0.9582328067241566,1.589382388626782,0.9302015786579891,1.6487441909801692,win,5396368,65557b6ea3ca253efc896d78b30278c152678eb339ce2c9ee51fb2063494072b,independent complete DFS component-map ranks and graph cycle ranks
graph_s2_v2,graph,F2,2,2,16384,construction,32768,32768,11461,0.000661654,0.000449041,0.7053850892184605,0.6274840893600276,0.7929573554593333,0.6365501085590219,0.813873536187941,loss,2579048,83641ac8067827be87a32b56a5a2c49defe2ed82df99ebd29900c186ca305921,independent complete DFS component-map ranks and graph cycle ranks
graph_s2_v2,graph,F2,2,2,16384,query,32768,32768,11461,0.00131507,0.002315083,1.7744449836450695,1.6335663662713116,1.9274729603855014,1.6473125560188613,1.903790003687675,win,2818488,83641ac8067827be87a32b56a5a2c49defe2ed82df99ebd29900c186ca305921,independent complete DFS component-map ranks and graph cycle ranks
graph_s2_v2,graph,F2,2,2,16384,combined,32768,32768,11461,0.001932629,0.002910652,1.620329315869736,0.8677780065657926,3.0255054541622917,0.8763209766876751,3.5509621387657626,win,5397504,83641ac8067827be87a32b56a5a2c49defe2ed82df99ebd29900c186ca305921,independent complete DFS component-map ranks and graph cycle ranks
graph_s2_v3,graph,F2,2,3,16384,construction,32768,32768,12387,0.000575507,0.000485548,1.0791602717354236,0.6858558585836547,1.6980053133861615,0.7589156552752907,1.8624073056271933,near_tie,2579048,90b82d69170d99a8f009443137c7b27267e2eb537473abe115a26c10fbb52fbf,independent complete DFS component-map ranks and graph cycle ranks
graph_s2_v3,graph,F2,2,3,16384,query,32768,32768,12387,0.001290621,0.002398717,1.881708339358055,1.3869804307858882,2.552902835408682,1.3730369801455926,2.7281856315522623,win,2915656,90b82d69170d99a8f009443137c7b27267e2eb537473abe115a26c10fbb52fbf,independent complete DFS component-map ranks and graph cycle ranks
graph_s2_v3,graph,F2,2,3,16384,combined,32768,32768,12387,0.00206822,0.002888762,1.3966669476630984,1.287242845723223,1.515392817428004,1.2952449552289962,1.550631776712119,win,5494640,90b82d69170d99a8f009443137c7b27267e2eb537473abe115a26c10fbb52fbf,independent complete DFS component-map ranks and graph cycle ranks
graph_s2_v4,graph,F2,2,4,16384,construction,81920,131072,54064,0.003418778,0.001740904,0.5443916734463641,0.3581402978331031,0.8275033441108055,0.35533292466526856,0.7757817501354212,loss,7022800,04c871b5e3028e1eb3fc59ff1249dc1c7773157a172018f621e81b2891eddb39,independent complete DFS component-map ranks and graph cycle ranks
graph_s2_v4,graph,F2,2,4,16384,query,81920,131072,54064,0.002914336,0.038270523,12.652722833812188,10.70527962332422,14.95443376934049,10.039366882737323,14.295466863695129,win,6631416,04c871b5e3028e1eb3fc59ff1249dc1c7773157a172018f621e81b2891eddb39,independent complete DFS component-map ranks and graph cycle ranks
graph_s2_v4,graph,F2,2,4,16384,combined,81920,131072,54064,0.006324099,0.038809484,5.609385875367575,3.950198989276307,7.9654746467690805,3.5918215711143313,7.553448568518183,win,13654184,04c871b5e3028e1eb3fc59ff1249dc1c7773157a172018f621e81b2891eddb39,independent complete DFS component-map ranks and graph cycle ranks
graph_s3_v1,graph,F2,3,1,65536,construction,131071,131070,45622,0.005137884,0.002128486,0.518899885934224,0.29061224518690865,0.9265166767125614,0.3628266033254157,0.8793746215998355,loss,10005208,1d4570fb42be038c0bbf65fdfd6109db543a4751a00442be473c54b8e16867dc,independent complete DFS component-map ranks and graph cycle ranks
graph_s3_v1,graph,F2,3,1,65536,query,131071,131070,45622,0.005634071,0.010273473,1.7494020376307684,1.5159893063043575,2.0187526894416377,1.4719739173890167,2.023490755341377,win,11554920,1d4570fb42be038c0bbf65fdfd6109db543a4751a00442be473c54b8e16867dc,independent complete DFS component-map ranks and graph cycle ranks
graph_s3_v1,graph,F2,3,1,65536,combined,131071,131070,45622,0.009197226,0.013008684,1.3655724669944282,1.2403553558464668,1.5034305723948318,1.224016627393492,1.5108506485841624,win,21560128,1d4570fb42be038c0bbf65fdfd6109db543a4751a00442be473c54b8e16867dc,independent complete DFS component-map ranks and graph cycle ranks
graph_s3_v2,graph,F2,3,2,65536,construction,131072,131072,45932,0.00589451,0.002195272,0.40720802780074383,0.27186656037465995,0.6099256108469413,0.2908904887055023,0.6988156264709148,loss,10005272,ab7ff8568a4da625cd7b585338aa8b72dd87f306953b3bb297cdd107d8a2c1d4,independent complete DFS component-map ranks and graph cycle ranks
graph_s3_v2,graph,F2,3,2,65536,query,131072,131072,45932,0.005549228,0.01088295,1.9492915139993274,1.8105613537855867,2.0986515583165204,1.8015210179581271,2.117362488653569,win,11564856,ab7ff8568a4da625cd7b585338aa8b72dd87f306953b3bb297cdd107d8a2c1d4,independent complete DFS component-map ranks and graph cycle ranks
graph_s3_v2,graph,F2,3,2,65536,combined,131072,131072,45932,0.008983132,0.013211957,1.4552317329045705,1.2786218152058062,1.6562359340878097,1.2423426678929053,1.6204585506261255,win,21570128,ab7ff8568a4da625cd7b585338aa8b72dd87f306953b3bb297cdd107d8a2c1d4,independent complete DFS component-map ranks and graph cycle ranks
graph_s3_v3,graph,F2,3,3,65536,construction,131072,131072,49760,0.00321003,0.002048585,0.609869292561887,0.46428510603439416,0.8011037812235642,0.4664468322008679,0.7694337377366328,loss,10005304,3d9946b833b2c3efed1fb9c5efc6f0f3430a344306db879aaa18e664e4109983,independent complete DFS component-map ranks and graph cycle ranks
graph_s3_v3,graph,F2,3,3,65536,query,131072,131072,49760,0.00568478,0.009974826,1.8199999224731904,1.6322991390170989,2.029284730124287,1.6171474262216168,2.0499753409931665,win,12081944,3d9946b833b2c3efed1fb9c5efc6f0f3430a344306db879aaa18e664e4109983,independent complete DFS component-map ranks and graph cycle ranks
graph_s3_v3,graph,F2,3,3,65536,combined,131072,131072,49760,0.009564213,0.013222747,1.2259070534348733,0.9412911162985262,1.5965816288281547,0.9823842884626179,1.585461792313667,win,22087152,3d9946b833b2c3efed1fb9c5efc6f0f3430a344306db879aaa18e664e4109983,independent complete DFS component-map ranks and graph cycle ranks
graph_s3_v4,graph,F2,3,4,65536,construction,327680,524288,216621,0.013437938,0.008139117,0.6019428923232955,0.5550848073202114,0.6527565533054023,0.5428090232296057,0.6486901811285277,loss,30794728,ec896f9b889598b6f6fd343b825e6f33cf055aa3317a37263200c4c7aad55994,independent complete DFS component-map ranks and graph cycle ranks
graph_s3_v4,graph,F2,3,4,65536,query,327680,524288,216621,0.015097702,0.243335146,16.162072438986876,15.702440394977543,16.6351585455856,15.890861808130635,16.806309843655946,win,32921480,ec896f9b889598b6f6fd343b825e6f33cf055aa3317a37263200c4c7aad55994,independent complete DFS component-map ranks and graph cycle ranks
graph_s3_v4,graph,F2,3,4,65536,combined,327680,524288,216621,0.026870296,0.246668851,8.814102613490157,6.348167039539999,12.237927010623126,5.87030254914441,11.297085264710148,win,63716208,ec896f9b889598b6f6fd343b825e6f33cf055aa3317a37263200c4c7aad55994,independent complete DFS component-map ranks and graph cycle ranks
simplicial_s1_v1,simplicial,F2,1,1,32,construction,5488,15872,4508,0.000241629,0.000106363,0.568894348736636,0.35443705207193726,0.9131121538579844,0.4043264674356141,0.8713537084496806,loss,570952,2dcd349006691fd94a7721e8550be6bbdcb9cc1fabc3d64fddeb028ed33c7156,"chain identities, known terminal Betti numbers, complete cross-tool barcode agreement"
simplicial_s1_v1,simplicial,F2,1,1,32,query,5488,15872,4508,0.001306054,0.001817284,1.3870419288665472,1.3070910730880825,1.471883139625868,1.316543471966118,1.4954221704534654,win,616352,2dcd349006691fd94a7721e8550be6bbdcb9cc1fabc3d64fddeb028ed33c7156,"chain identities, known terminal Betti numbers, complete cross-tool barcode agreement"
simplicial_s1_v1,simplicial,F2,1,1,32,combined,5488,15872,4508,0.001394821,0.001947399,1.3396973112117374,1.2947032050674734,1.386255072701719,1.305410515040998,1.3984008214908912,win,1187304,2dcd349006691fd94a7721e8550be6bbdcb9cc1fabc3d64fddeb028ed33c7156,"chain identities, known terminal Betti numbers, complete cross-tool barcode agreement"
simplicial_s1_v2,simplicial,F2,1,2,32,construction,5891,11656,1202,0.00014187,0.000102541,0.7490403914264122,0.649637801187635,0.8636528030889343,0.677974954709546,0.905346180494014,loss,512256,c5c762a8c9b6e0efcd6c78ce32e73ac498edf39a901d57049a0dcb84b57b01be,"chain identities, known terminal Betti numbers, complete cross-tool barcode agreement"
simplicial_s1_v2,simplicial,F2,1,2,32,query,5891,11656,1202,0.000326166,0.000328939,1.0416720021089376,0.9113112489323459,1.1906805290167082,0.8847543332459901,1.1485446589072685,near_tie,541400,c5c762a8c9b6e0efcd6c78ce32e73ac498edf39a901d57049a0dcb84b57b01be,"chain identities, known terminal Betti numbers, complete cross-tool barcode agreement"
simplicial_s1_v2,simplicial,F2,1,2,32,combined,5891,11656,1202,0.000392016,0.000448847,1.0802565589776791,0.9889460610071165,1.1799978575433132,0.9837758112094396,1.1614372882739479,near_tie,1053656,c5c762a8c9b6e0efcd6c78ce32e73ac498edf39a901d57049a0dcb84b57b01be,"chain identities, known terminal Betti numbers, complete cross-tool barcode agreement"
simplicial_s1_v3,simplicial,F2,1,3,1024,construction,13313,24576,2963,0.000332479,0.000226183,0.7052394137997072,0.6136929147082164,0.8104421916179829,0.647141572308189,0.852141424923907,loss,1110376,fb3d05de4f5c87730c4e6323ddea3344d733cfbb40b914efbe70b934c14a4e71,"chain identities, known terminal Betti numbers, complete cross-tool barcode agreement"
simplicial_s1_v3,simplicial,F2,1,3,1024,query,13313,24576,2963,0.000693169,0.000593255,0.881944559664576,0.7965949431211087,0.9764387949468663,0.8139148364699692,1.00862979713448,loss,1221400,fb3d05de4f5c87730c4e6323ddea3344d733cfbb40b914efbe70b934c14a4e71,"chain identities, known terminal Betti numbers, complete cross-tool barcode agreement"
simplicial_s1_v3,simplicial,F2,1,3,1024,combined,13313,24576,2963,0.000885521,0.000837287,0.9088207292776725,0.7276642630500068,1.1350772051149074,0.7152985540031883,1.0738631326448678,loss,2331776,fb3d05de4f5c87730c4e6323ddea3344d733cfbb40b914efbe70b934c14a4e71,"chain identities, known terminal Betti numbers, complete cross-tool barcode agreement"
simplicial_s1_v4,simplicial,F2,1,4,28,construction,24157,92484,17852,0.001303784,0.00054252,0.4275983380158205,0.36695615893861444,0.49826207905254966,0.3551700504918268,0.49094828135148555,loss,2882440,0ff267d6545d6ab67e87bc6ba7cc38859eebdeee9b00ccb008f4d5c05fc7d3d5,"chain identities, known terminal Betti numbers, complete cross-tool barcode agreement"
simplicial_s1_v4,simplicial,F2,1,4,28,query,24157,92484,17852,0.041072994,0.075763186,1.8308267357927728,1.7090879629980797,1.9612369925148114,1.7256735418518026,1.9469461508175538,win,3069304,0ff267d6545d6ab67e87bc6ba7cc38859eebdeee9b00ccb008f4d5c05fc7d3d5,"chain identities, known terminal Betti numbers, complete cross-tool barcode agreement"
simplicial_s1_v4,simplicial,F2,1,4,28,combined,24157,92484,17852,0.039956563,0.072678978,1.8364097240858674,1.6894476406328385,1.9961557811012645,1.6988040176005175,2.034468778709807,win,5951744,0ff267d6545d6ab67e87bc6ba7cc38859eebdeee9b00ccb008f4d5c05fc7d3d5,"chain identities, known terminal Betti numbers, complete cross-tool barcode agreement"
simplicial_s2_v1,simplicial,F2,2,1,64,construction,43744,129024,39714,0.00160645,0.000994343,0.585280839783262,0.4746145848627369,0.7217512321423291,0.46473047670868145,0.6878443655994461,loss,4697496,ec92c0a0ed8317bc391486d00f3a32d6d460b9e110ed9d7f10e9985185d1f2d1,"chain identities, known terminal Betti numbers, complete cross-tool barcode agreement"
simplicial_s2_v1,simplicial,F2,2,1,64,query,43744,129024,39714,0.018240189,0.029746749,1.637462186273031,1.41222077368857,1.8986283599771947,1.3626646376714884,1.8223745269901743,win,5172720,ec92c0a0ed8317bc391486d00f3a32d6d460b9e110ed9d7f10e9985185d1f2d1,"chain identities, known terminal Betti numbers, complete cross-tool barcode agreement"
simplicial_s2_v1,simplicial,F2,2,1,64,combined,43744,129024,39714,0.021075775,0.031970973,1.552242082320578,1.4424941591184186,1.6703398532992775,1.4700328778692728,1.709003347865801,win,9870248,ec92c0a0ed8317bc391486d00f3a32d6d460b9e110ed9d7f10e9985185d1f2d1,"chain identities, known terminal Betti numbers, complete cross-tool barcode agreement"
simplicial_s2_v2,simplicial,F2,2,2,128,construction,97283,194056,19799,0.004475055,0.001895661,0.45492931031494843,0.36360296739145825,0.5691941374087273,0.3795473343978179,0.5766424946060263,loss,8662056,1a1b9de24a0ba8e712918a9d77cd560583c7755d629927102b9ac0b9ad63f65a,"chain identities, known terminal Betti numbers, complete cross-tool barcode agreement"
simplicial_s2_v2,simplicial,F2,2,2,128,query,97283,194056,19799,0.005470088,0.006841794,1.1655439862612569,0.8257475507994634,1.6451671974013484,0.7181814957329263,1.423820749129561,win,9448224,1a1b9de24a0ba8e712918a9d77cd560583c7755d629927102b9ac0b9ad63f65a,"chain identities, known terminal Betti numbers, complete cross-tool barcode agreement"
simplicial_s2_v2,simplicial,F2,2,2,128,combined,97283,194056,19799,0.008782004,0.009286788,1.0837588110780987,0.958283486568369,1.2256635714296185,0.9847409560869416,1.2280190199994419,near_tie,18110280,1a1b9de24a0ba8e712918a9d77cd560583c7755d629927102b9ac0b9ad63f65a,"chain identities, known terminal Betti numbers, complete cross-tool barcode agreement"
simplicial_s2_v3,simplicial,F2,2,3,4096,construction,53249,98304,11683,0.00167743,0.001017604,0.5957244786056497,0.5583899475972381,0.6355552350773166,0.5561850127843703,0.6404728576768912,loss,4492320,8a2d4b4cd9b1d919d2cea590fbb929f7e9087530eeb0e49240aaeb4a2556e1a4,"chain identities, known terminal Betti numbers, complete cross-tool barcode agreement"
simplicial_s2_v3,simplicial,F2,2,3,4096,query,53249,98304,11683,0.002342492,0.00258492,1.0861216053693044,1.012078655189655,1.1655814847996537,1.016860598529041,1.168427896445324,near_tie,5060104,8a2d4b4cd9b1d919d2cea590fbb929f7e9087530eeb0e49240aaeb4a2556e1a4,"chain identities, known terminal Betti numbers, complete cross-tool barcode agreement"
simplicial_s2_v3,simplicial,F2,2,3,4096,combined,53249,98304,11683,0.004192582,0.003666659,0.8354044002150655,0.704985704940847,0.989949877008147,0.700449077946009,0.9903948593307207,loss,9552456,8a2d4b4cd9b1d919d2cea590fbb929f7e9087530eeb0e49240aaeb4a2556e1a4,"chain identities, known terminal Betti numbers, complete cross-tool barcode agreement"
simplicial_s2_v4,simplicial,F2,2,4,40,construction,102090,396760,82973,0.006907537,0.002457439,0.3552401802880287,0.3021766692542375,0.4176218700223212,0.29662765355711873,0.42576987471631095,loss,12243176,6cd713fbe2d7648c66bb345fc66a9a2f735c5c0dfb0d46900109d1683f2bb59a,"chain identities, known terminal Betti numbers, complete cross-tool barcode agreement"
simplicial_s2_v4,simplicial,F2,2,4,40,query,102090,396760,82973,0.451843055,0.776024292,1.7594737834892389,1.6785188124692083,1.8443332131809083,1.6885815136196733,1.8322981320488652,win,12429720,6cd713fbe2d7648c66bb345fc66a9a2f735c5c0dfb0d46900109d1683f2bb59a,"chain identities, known terminal Betti numbers, complete cross-tool barcode agreement"
simplicial_s2_v4,simplicial,F2,2,4,40,combined,102090,396760,82973,0.452904188,0.779382211,1.7306311541943502,1.6397411437095928,1.8265591513379225,1.6201336357216665,1.8061080379496532,win,24672832,6cd713fbe2d7648c66bb345fc66a9a2f735c5c0dfb0d46900109d1683f2bb59a,"chain identities, known terminal Betti numbers, complete cross-tool barcode agreement"
simplicial_s3_v1,simplicial,F2,3,1,128,construction,349632,1040384,333377,0.02175787,0.008689154,0.4084503957507451,0.3309996987026222,0.504023799546796,0.3108688366014626,0.49179901341445653,loss,40503352,9f23aad30d0e95099e210bddf09f67437ec09c45338a36403b40ee94e64888b5,"chain identities, known terminal Betti numbers, complete cross-tool barcode agreement"
simplicial_s3_v1,simplicial,F2,3,1,128,query,349632,1040384,333377,0.212394653,0.320496895,1.554302952619153,1.4272471600483818,1.6926694521772403,1.4838541630110103,1.7553311423722784,win,49369952,9f23aad30d0e95099e210bddf09f67437ec09c45338a36403b40ee94e64888b5,"chain identities, known terminal Betti numbers, complete cross-tool barcode agreement"
simplicial_s3_v1,simplicial,F2,3,1,128,combined,349632,1040384,333377,0.246686291,0.336171708,1.2787159328273034,0.9986343556291368,1.6373504753261603,0.9017377017122901,1.4541403133705644,win,89873304,9f23aad30d0e95099e210bddf09f67437ec09c45338a36403b40ee94e64888b5,"chain identities, known terminal Betti numbers, complete cross-tool barcode agreement"
simplicial_s3_v2,simplicial,F2,3,2,256,construction,391171,781320,79055,0.020633122,0.009285269,0.46479490702724446,0.42093338054526996,0.5132268325182898,0.4219696416034938,0.5128400372554006,loss,37512672,fd308fab9776dabf2ecb3b96b1008bbadb9e4d28ea94638eaab1e2459b003360,"chain identities, known terminal Betti numbers, complete cross-tool barcode agreement"
simplicial_s3_v2,simplicial,F2,3,2,256,query,391171,781320,79055,0.021104168,0.035336619,1.6436539008486517,1.5007238270801353,1.8001967430818502,1.4524273391116926,1.7347074748924574,win,38538136,fd308fab9776dabf2ecb3b96b1008bbadb9e4d28ea94638eaab1e2459b003360,"chain identities, known terminal Betti numbers, complete cross-tool barcode agreement"
simplicial_s3_v2,simplicial,F2,3,2,256,combined,391171,781320,79055,0.043220792,0.045712444,1.0644043778739132,0.9576797378188041,1.1830225020919372,0.9494292399308296,1.1474447815985194,near_tie,76050840,fd308fab9776dabf2ecb3b96b1008bbadb9e4d28ea94638eaab1e2459b003360,"chain identities, known terminal Betti numbers, complete cross-tool barcode agreement"
simplicial_s3_v3,simplicial,F2,3,3,16384,construction,212993,393216,46708,0.011893092,0.004821892,0.4548123948896346,0.3706468540159349,0.5580900318024872,0.38928262462674007,0.5663936498439367,loss,20013912,8229013a4af3cc96835ac445d07be1c03e2a1a678529c6f752fc13384382dbe4,"chain identities, known terminal Betti numbers, complete cross-tool barcode agreement"
simplicial_s3_v3,simplicial,F2,3,3,16384,query,212993,393216,46708,0.010281729,0.012726792,1.2621828456647255,1.1872357640752522,1.3418611400501292,1.204081579827592,1.3678293895149731,win,20704744,8229013a4af3cc96835ac445d07be1c03e2a1a678529c6f752fc13384382dbe4,"chain identities, known terminal Betti numbers, complete cross-tool barcode agreement"
simplicial_s3_v3,simplicial,F2,3,3,16384,combined,212993,393216,46708,0.017929991,0.017989757,1.0221965577602092,0.9818130551243485,1.0642410968598133,1.0006090504225336,1.0821680836314977,near_tie,40718624,8229013a4af3cc96835ac445d07be1c03e2a1a678529c6f752fc13384382dbe4,"chain identities, known terminal Betti numbers, complete cross-tool barcode agreement"
simplicial_s3_v4,simplicial,F2,3,4,56,construction,396606,1555400,342462,0.030340801,0.011401145,0.37899326452475435,0.3363664106454921,0.4270221104404896,0.3482020104264423,0.4370556514127053,loss,50695216,d7a88d89f05a47bf150c38c768d4df92e22e7f83d2e559d4775f0336fd96bc9e,"chain identities, known terminal Betti numbers, complete cross-tool barcode agreement"
simplicial_s3_v4,simplicial,F2,3,4,56,query,396606,1555400,342462,3.694188519,7.126118273,1.9198509141254279,1.877764914645678,1.9628801793667194,1.8748366605768185,1.9700577007280922,win,55859792,d7a88d89f05a47bf150c38c768d4df92e22e7f83d2e559d4775f0336fd96bc9e,"chain identities, known terminal Betti numbers, complete cross-tool barcode agreement"
simplicial_s3_v4,simplicial,F2,3,4,56,combined,396606,1555400,342462,3.862011957,7.141729353,1.8495363695160647,1.7839729349118838,1.917509349620054,1.7700702787650464,1.910560563315005,win,106550704,d7a88d89f05a47bf150c38c768d4df92e22e7f83d2e559d4775f0336fd96bc9e,"chain identities, known terminal Betti numbers, complete cross-tool barcode agreement"
cubical_s1_v1,cubical,F2,1,1,64,construction,16129,32004,1079,0.000353335,0.000247726,0.715750770176102,0.6493386890691936,0.7889552457470966,0.6375089137152365,0.7914253522850093,loss,1554424,793d05c05c3f4cdc4c52627e2fff47359f4e94a9b461dbf0ea22a1a1d2c2a9f5,"chain identities, known terminal Betti numbers, complete cross-tool barcode agreement"
cubical_s1_v1,cubical,F2,1,1,64,query,16129,32004,1079,0.000675065,0.001096754,1.742051867069345,1.4234985516518437,2.131891672132886,1.4750809133476437,2.0752690231225035,win,1240568,793d05c05c3f4cdc4c52627e2fff47359f4e94a9b461dbf0ea22a1a1d2c2a9f5,"chain identities, known terminal Betti numbers, complete cross-tool barcode agreement"
cubical_s1_v1,cubical,F2,1,1,64,combined,16129,32004,1079,0.001069388,0.001617062,1.6150575882806504,1.3393727192390859,1.9474870407579912,1.3651529099000603,1.9949888150211514,win,2794992,793d05c05c3f4cdc4c52627e2fff47359f4e94a9b461dbf0ea22a1a1d2c2a9f5,"chain identities, known terminal Betti numbers, complete cross-tool barcode agreement"
cubical_s1_v2,cubical,F2,1,2,64,construction,16384,32768,1098,0.000332579,0.000298217,0.8936665254872092,0.6783030917946155,1.1774085485345276,0.7467193133207555,1.2947360345871541,loss,1576568,21a76b02bb262f030506cde2be9a1a4538cefb5197a0fcfd20c9f5fe06150bff,"chain identities, known terminal Betti numbers, complete cross-tool barcode agreement"
cubical_s1_v2,cubical,F2,1,2,64,query,16384,32768,1098,0.000665867,0.001294236,1.968725386464954,1.768582884519436,2.1915171074183197,1.725115177848577,2.186076198399981,win,1258520,21a76b02bb262f030506cde2be9a1a4538cefb5197a0fcfd20c9f5fe06150bff,"chain identities, known terminal Betti numbers, complete cross-tool barcode agreement"
cubical_s1_v2,cubical,F2,1,2,64,combined,16384,32768,1098,0.001004407,0.001537484,1.5202298336762892,1.2708278238292452,1.8185773901579043,1.1950249103414938,1.7490109111897518,win,2835088,21a76b02bb262f030506cde2be9a1a4538cefb5197a0fcfd20c9f5fe06150bff,"chain identities, known terminal Betti numbers, complete cross-tool barcode agreement"
cubical_s1_v3,cubical,F2,1,3,12,construction,12167,34914,449,0.000331214,0.000215379,0.6663880960063925,0.5732934891459159,0.7745999264017431,0.5888456320564287,0.8144535251667538,loss,1242152,fdfc26271b31918de9746bc2e8737ea84767aa39783d208b63811bfafc028fc5,"chain identities, known terminal Betti numbers, complete cross-tool barcode agreement"
cubical_s1_v3,cubical,F2,1,3,12,query,12167,34914,449,0.000919582,0.001015183,1.1286544114680672,1.0415419015084546,1.2230528399111065,1.0656069303761617,1.2532574582799576,win,1043560,fdfc26271b31918de9746bc2e8737ea84767aa39783d208b63811bfafc028fc5,"chain identities, known terminal Betti numbers, complete cross-tool barcode agreement"
cubical_s1_v3,cubical,F2,1,3,12,combined,12167,34914,449,0.001217184,0.001281241,1.0630343043676491,0.9440114730475896,1.197063769377985,0.9021142197185753,1.1465891763283118,near_tie,2285744,fdfc26271b31918de9746bc2e8737ea84767aa39783d208b63811bfafc028fc5,"chain identities, known terminal Betti numbers, complete cross-tool barcode agreement"
cubical_s1_v4,cubical,F2,1,4,12,construction,13824,41472,447,0.000452841,0.000256178,0.5698005316025329,0.5138103942333865,0.6318919380736662,0.4970463899286739,0.6203139988100587,loss,1633776,6ffe847cb66165c211813051fb1880a9207bf5897b798209c4393f18242d1a08,"chain identities, known terminal Betti numbers, complete cross-tool barcode agreement"
cubical_s1_v4,cubical,F2,1,4,12,query,13824,41472,447,0.001113231,0.001501644,1.3511740998505022,1.2110158516088279,1.5075537167258546,1.2066112734177623,1.5358429652066823,win,1422688,6ffe847cb66165c211813051fb1880a9207bf5897b798209c4393f18242d1a08,"chain identities, known terminal Betti numbers, complete cross-tool barcode agreement"
cubical_s1_v4,cubical,F2,1,4,12,combined,13824,41472,447,0.001568806,0.001714679,1.1205121366072552,1.0083509104032253,1.2451493178918047,1.008105154174895,1.2632448608979043,win,3056496,6ffe847cb66165c211813051fb1880a9207bf5897b798209c4393f18242d1a08,"chain identities, known terminal Betti numbers, complete cross-tool barcode agreement"
cubical_s2_v1,cubical,F2,2,1,256,construction,261121,521220,17280,0.012195015,0.005655086,0.47989112812871126,0.4538225375581977,0.5074571573632223,0.4500953053358278,0.5015400281833716,loss,23874136,5f03ce9c089203b55d0162716b65f22767b3540a7a39e415d81f891e7753f22b,"chain identities, known terminal Betti numbers, complete cross-tool barcode agreement"
cubical_s2_v1,cubical,F2,2,1,256,query,261121,521220,17280,0.011406306,0.024854214,2.134476601924089,1.8330217408956033,2.485508088919544,1.9057882811279105,2.589712776316058,win,20331688,5f03ce9c089203b55d0162716b65f22767b3540a7a39e415d81f891e7753f22b,"chain identities, known terminal Betti numbers, complete cross-tool barcode agreement"
cubical_s2_v1,cubical,F2,2,1,256,combined,261121,521220,17280,0.019857517,0.0310338,1.4651898543379493,1.2415871497649353,1.7290621199335887,1.1736315068397425,1.6601361708547548,win,44205824,5f03ce9c089203b55d0162716b65f22767b3540a7a39e415d81f891e7753f22b,"chain identities, known terminal Betti numbers, complete cross-tool barcode agreement"
cubical_s2_v2,cubical,F2,2,2,256,construction,262144,524288,17439,0.013107418,0.006072793,0.45247422753124306,0.4088366635428661,0.5007694877603096,0.3912093746836282,0.47226926058798563,loss,23964056,e052cd8a317f289d9f94a7f5baaa6666f3b02c30bd4692dae2474924581effe4,"chain identities, known terminal Betti numbers, complete cross-tool barcode agreement"
cubical_s2_v2,cubical,F2,2,2,256,query,262144,524288,17439,0.011289315,0.026301781,2.27083772562563,1.9860629424551743,2.596445392485829,1.882025195499983,2.44500954406745,win,20406536,e052cd8a317f289d9f94a7f5baaa6666f3b02c30bd4692dae2474924581effe4,"chain identities, known terminal Betti numbers, complete cross-tool barcode agreement"
cubical_s2_v2,cubical,F2,2,2,256,combined,262144,524288,17439,0.021992888,0.033311274,1.543161296924524,1.3847287489012419,1.7197207685731493,1.4303516044208413,1.7392314173411227,win,44370624,e052cd8a317f289d9f94a7f5baaa6666f3b02c30bd4692dae2474924581effe4,"chain identities, known terminal Betti numbers, complete cross-tool barcode agreement"
cubical_s2_v3,cubical,F2,2,3,20,construction,59319,173394,2147,0.00223828,0.001224968,0.5401609568784372,0.4097568866711165,0.7120657854129384,0.38061812507909065,0.6985192625742476,loss,6873312,e4369a36c12ff02041fe8e6ff6939a41a4758865cf6b8f11461351e868540e1a,"chain identities, known terminal Betti numbers, complete cross-tool barcode agreement"
cubical_s2_v3,cubical,F2,2,3,20,query,59319,173394,2147,0.0050406,0.006158148,1.2648193206215996,1.1440597331449867,1.3983255134939236,1.2116264812036845,1.4608759656624568,win,5838304,e4369a36c12ff02041fe8e6ff6939a41a4758865cf6b8f11461351e868540e1a,"chain identities, known terminal Betti numbers, complete cross-tool barcode agreement"
cubical_s2_v3,cubical,F2,2,3,20,combined,59319,173394,2147,0.007062155,0.007398645,1.0195087451388727,0.8342844463891874,1.245855758084896,0.7811473506435364,1.1976972936284593,near_tie,12711552,e4369a36c12ff02041fe8e6ff6939a41a4758865cf6b8f11461351e868540e1a,"chain identities, known terminal Betti numbers, complete cross-tool barcode agreement"
cubical_s2_v4,cubical,F2,2,4,20,construction,64000,192000,2241,0.00334225,0.001375879,0.43671590463917587,0.323245985250738,0.5900174791556156,0.31473517943884827,0.6162438617674996,loss,7360384,cd05a2dcde2178f22a48a38b29df923796933cf5c9ed959732b02a4b1e921cb0,"chain identities, known terminal Betti numbers, complete cross-tool barcode agreement"
cubical_s2_v4,cubical,F2,2,4,20,query,64000,192000,2241,0.006602439,0.00822844,1.3390872958919056,1.1954582162311267,1.499972781710684,1.221762520348473,1.5119883727816341,win,6134096,cd05a2dcde2178f22a48a38b29df923796933cf5c9ed959732b02a4b1e921cb0,"chain identities, known terminal Betti numbers, complete cross-tool barcode agreement"
cubical_s2_v4,cubical,F2,2,4,20,combined,64000,192000,2241,0.008709896,0.009584745,1.0946638456862543,0.9650541848656445,1.2416804712571097,0.916962844077549,1.1680763373123733,near_tie,13494352,cd05a2dcde2178f22a48a38b29df923796933cf5c9ed959732b02a4b1e921cb0,"chain identities, known terminal Betti numbers, complete cross-tool barcode agreement"
cubical_s3_v1,cubical,F2,3,1,512,construction,1046529,2091012,69108,0.048971019,0.023777253,0.43834213019141866,0.348634080836855,0.551133218644408,0.3513864209605615,0.5321396601216928,loss,103288240,28bed19383529bc39bac880dab8504409f5d0e770059ffc7fb38058bc26adb49,"chain identities, known terminal Betti numbers, complete cross-tool barcode agreement"
cubical_s3_v1,cubical,F2,3,1,512,query,1046529,2091012,69108,0.048485476,0.123642478,2.5304411595098113,2.4237059466960997,2.6418767798419838,2.4148491374177334,2.618844480035908,win,81882432,28bed19383529bc39bac880dab8504409f5d0e770059ffc7fb38058bc26adb49,"chain identities, known terminal Betti numbers, complete cross-tool barcode agreement"
cubical_s3_v1,cubical,F2,3,1,512,combined,1046529,2091012,69108,0.10114745,0.145290538,1.492199089134175,1.3249529156560864,1.6805564147238181,1.3836069420452346,1.7191057180620144,win,185170672,28bed19383529bc39bac880dab8504409f5d0e770059ffc7fb38058bc26adb49,"chain identities, known terminal Betti numbers, complete cross-tool barcode agreement"
cubical_s3_v2,cubical,F2,3,2,512,construction,1048576,2097152,69567,0.044445147,0.023258384,0.5100757796644825,0.4846950173227914,0.536785590323203,0.47586654956453545,0.5281633110584605,loss,103468656,010a366ceb2509ebd2d92a5fd32a6daa3ff046705ec0f17bf551e03447c739c0,"chain identities, known terminal Betti numbers, complete cross-tool barcode agreement"
cubical_s3_v2,cubical,F2,3,2,512,query,1048576,2097152,69567,0.050759983,0.132944431,2.703401767526028,2.608231146955036,2.80204502779402,2.592135581603564,2.7836474576041925,win,82037024,010a366ceb2509ebd2d92a5fd32a6daa3ff046705ec0f17bf551e03447c739c0,"chain identities, known terminal Betti numbers, complete cross-tool barcode agreement"
cubical_s3_v2,cubical,F2,3,2,512,combined,1048576,2097152,69567,0.099329488,0.153653683,1.6107579814431547,1.4642422878711057,1.7719343965643062,1.5161483768042778,1.786647675545722,win,185505648,010a366ceb2509ebd2d92a5fd32a6daa3ff046705ec0f17bf551e03447c739c0,"chain identities, known terminal Betti numbers, complete cross-tool barcode agreement"
cubical_s3_v3,cubical,F2,3,3,32,construction,250047,738234,8915,0.012313539,0.005996072,0.47383611028070355,0.4361867498508373,0.514735166720966,0.428276841855823,0.5130289956207529,loss,27192912,d5989a46739a23b1fbf419aa6dde3eb5b1d31a9e93b5f1ad8237f7cf863923ee,"chain identities, known terminal Betti numbers, complete cross-tool barcode agreement"
cubical_s3_v3,cubical,F2,3,3,32,query,250047,738234,8915,0.023381122,0.031777746,1.2869678423061441,1.1554985725552904,1.4333953035245999,1.1095141322740547,1.3591198061410399,win,26658328,d5989a46739a23b1fbf419aa6dde3eb5b1d31a9e93b5f1ad8237f7cf863923ee,"chain identities, known terminal Betti numbers, complete cross-tool barcode agreement"
cubical_s3_v3,cubical,F2,3,3,32,combined,250047,738234,8915,0.034984906,0.038608315,1.0529888013868234,0.8721591960473165,1.2713108121443288,0.8130241612776902,1.2140739349518004,near_tie,53851240,d5989a46739a23b1fbf419aa6dde3eb5b1d31a9e93b5f1ad8237f7cf863923ee,"chain identities, known terminal Betti numbers, complete cross-tool barcode agreement"
cubical_s3_v4,cubical,F2,3,4,32,construction,262144,786432,8929,0.012432186,0.006581147,0.5240307869478064,0.45493383911362095,0.6036224216782279,0.4451967658785028,0.6122645873508025,loss,28453808,8ebc5afce367bec0852414f8953070bdf3750d4c6f42e1c2893908d8dbc1a85c,"chain identities, known terminal Betti numbers, complete cross-tool barcode agreement"
cubical_s3_v4,cubical,F2,3,4,32,query,262144,786432,8929,0.029289961,0.038477322,1.3400006449680602,1.1265787274562493,1.5938537491908655,1.1595510489071665,1.6315455121687688,win,27865928,8ebc5afce367bec0852414f8953070bdf3750d4c6f42e1c2893908d8dbc1a85c,"chain identities, known terminal Betti numbers, complete cross-tool barcode agreement"
cubical_s3_v4,cubical,F2,3,4,32,combined,262144,786432,8929,0.041978848,0.044854054,1.0735598004469677,0.9919277578227809,1.1619098629374638,1.0174613736031382,1.1667808673244495,near_tie,56319640,8ebc5afce367bec0852414f8953070bdf3750d4c6f42e1c2893908d8dbc1a85c,"chain identities, known terminal Betti numbers, complete cross-tool barcode agreement"
algebraic_s1_v1,algebraic,F2,1,1,192,construction,387,2218,137,1.507e-05,1.5209e-05,1.0205283335445654,0.8798290747917655,1.1837277369058765,0.8911544753447067,1.1517606967057932,near_tie,58768,3d1085677171ffcd116e7cfb91b09bd66d5a47fa67d46f2bd3f36eb61e607cc6,known complete barcode preserved by filtered chain isomorphisms
algebraic_s1_v1,algebraic,F2,1,1,192,query,387,2218,137,7.5525e-05,4.1334e-05,0.5172317290625916,0.4765319349018388,0.5614076244526752,0.4710534713041893,0.5603310162197948,loss,55928,3d1085677171ffcd116e7cfb91b09bd66d5a47fa67d46f2bd3f36eb61e607cc6,known complete barcode preserved by filtered chain isomorphisms
algebraic_s1_v1,algebraic,F2,1,1,192,combined,387,2218,137,8.6935e-05,4.8676e-05,0.5590233491202347,0.5145289140792646,0.6073654877507257,0.5226433542301719,0.6161528333291928,loss,114728,3d1085677171ffcd116e7cfb91b09bd66d5a47fa67d46f2bd3f36eb61e607cc6,known complete barcode preserved by filtered chain isomorphisms
algebraic_s1_v2,algebraic,F2,1,2,192,construction,390,5368,154,3.9537e-05,1.2903e-05,0.41585179157275787,0.24950065362998824,0.6931152685905715,0.30261028635755993,0.7373452696728559,loss,109392,f19dbeb91d38a438e96f7c5a1426340186aae149f6a147311703439373883793,known complete barcode preserved by filtered chain isomorphisms
algebraic_s1_v2,algebraic,F2,1,2,192,query,390,5368,154,9.7727e-05,8.5302e-05,0.8655458449927443,0.8193553123345071,0.9143403338042317,0.8027426272038969,0.8977244705719895,loss,74768,f19dbeb91d38a438e96f7c5a1426340186aae149f6a147311703439373883793,known complete barcode preserved by filtered chain isomorphisms
algebraic_s1_v2,algebraic,F2,1,2,192,combined,390,5368,154,0.000118938,9.2836e-05,0.6292309619173944,0.4290504985678185,0.9228088645908097,0.4440786316254247,0.8253712018026198,loss,184160,f19dbeb91d38a438e96f7c5a1426340186aae149f6a147311703439373883793,known complete barcode preserved by filtered chain isomorphisms
algebraic_s1_v3,algebraic,F2,1,3,192,construction,393,8786,149,4.313e-05,1.2715e-05,0.31272060076167907,0.21571026658566908,0.4533589230065998,0.19182897575547272,0.41209032301616766,loss,164240,1a246c3f53f13aefd985ab4f01a29fa024c203578e402f05e0949ebd130dcb49,known complete barcode preserved by filtered chain isomorphisms
algebraic_s1_v3,algebraic,F2,1,3,192,query,393,8786,149,0.000136882,0.000146107,1.0265061882406525,0.8425276214967008,1.2506592396632545,0.7861132034864952,1.1909492362513172,near_tie,74528,1a246c3f53f13aefd985ab4f01a29fa024c203578e402f05e0949ebd130dcb49,known complete barcode preserved by filtered chain isomorphisms
algebraic_s1_v3,algebraic,F2,1,3,192,combined,393,8786,149,0.000161329,0.000151975,0.952093713854027,0.8951224258956292,1.0126910171570758,0.8885687720171292,1.007613276622191,near_tie,238768,1a246c3f53f13aefd985ab4f01a29fa024c203578e402f05e0949ebd130dcb49,known complete barcode preserved by filtered chain isomorphisms
algebraic_s1_v4,algebraic,F2,1,4,192,construction,396,9068,163,4.8141e-05,1.363e-05,0.3137280183032621,0.20555036255058326,0.47883773225780996,0.21786960857641482,0.4675173218083282,loss,168720,d8ab50f84af09f00d6578d0306b0772dc6fa526ca5f934f1e2556203ace2c4b0,known complete barcode preserved by filtered chain isomorphisms
algebraic_s1_v4,algebraic,F2,1,4,192,query,396,9068,163,0.000136067,0.000160931,1.250484774655774,0.9587596140685849,1.6309741761129726,1.0255094916474972,1.7893474088291748,win,75824,d8ab50f84af09f00d6578d0306b0772dc6fa526ca5f934f1e2556203ace2c4b0,known complete barcode preserved by filtered chain isomorphisms
algebraic_s1_v4,algebraic,F2,1,4,192,combined,396,9068,163,0.000164322,0.000170635,1.0077431193059965,0.9093121905490605,1.1168289670628664,0.9127749175399521,1.1063688297212053,near_tie,244544,d8ab50f84af09f00d6578d0306b0772dc6fa526ca5f934f1e2556203ace2c4b0,known complete barcode preserved by filtered chain isomorphisms
algebraic_s2_v1,algebraic,F2,2,1,384,construction,771,4729,294,3.5789e-05,2.8726e-05,0.8288861125388118,0.6226698170087548,1.1033972882453749,0.6018058785326713,1.0411769507019262,loss,125272,a37c5f9e3cf3b5bf3827c298c8fbf0323b16a4bb2bb458ae250cbedcf00d9b63,known complete barcode preserved by filtered chain isomorphisms
algebraic_s2_v1,algebraic,F2,2,1,384,query,771,4729,294,0.000173385,9.6654e-05,0.545716112506917,0.4866292607972677,0.6119773294391552,0.4886800562905913,0.5997750670473224,loss,122208,a37c5f9e3cf3b5bf3827c298c8fbf0323b16a4bb2bb458ae250cbedcf00d9b63,known complete barcode preserved by filtered chain isomorphisms
algebraic_s2_v1,algebraic,F2,2,1,384,combined,771,4729,294,0.000205986,0.000119903,0.5737183562588755,0.5320228352685301,0.6186816250889894,0.5220349383684064,0.6094768999293451,loss,247480,a37c5f9e3cf3b5bf3827c298c8fbf0323b16a4bb2bb458ae250cbedcf00d9b63,known complete barcode preserved by filtered chain isomorphisms
algebraic_s2_v2,algebraic,F2,2,2,384,construction,774,15655,303,7.7543e-05,2.8575e-05,0.3926841298891211,0.28170652192639417,0.5473811000622363,0.3045152506553413,0.5682618519347813,loss,300120,10b644e14d859969a2c0271729498254afd8c8ced965d2a2efa6370e6bf8dba8,known complete barcode preserved by filtered chain isomorphisms
algebraic_s2_v2,algebraic,F2,2,2,384,query,774,15655,303,0.000284812,0.000274149,0.939437462209512,0.8751387303816424,1.0084603900661293,0.8577753022980037,0.989811818711439,near_tie,184480,10b644e14d859969a2c0271729498254afd8c8ced965d2a2efa6370e6bf8dba8,known complete barcode preserved by filtered chain isomorphisms
algebraic_s2_v2,algebraic,F2,2,2,384,combined,774,15655,303,0.000331693,0.000300074,0.8845102561067073,0.7899686317774707,0.9903664040401271,0.760948959557924,0.9583326872563644,loss,484568,10b644e14d859969a2c0271729498254afd8c8ced965d2a2efa6370e6bf8dba8,known complete barcode preserved by filtered chain isomorphisms
algebraic_s2_v3,algebraic,F2,2,3,384,construction,777,33376,300,0.000123285,2.6942e-05,0.2109032267651016,0.14667772144781513,0.30325103649607055,0.14124462150561246,0.2974767150277629,loss,583832,a7333e897cf7f167b9696e3117568ab9c45d17090f8477361f17336c79b4a556,known complete barcode preserved by filtered chain isomorphisms
algebraic_s2_v3,algebraic,F2,2,3,384,query,777,33376,300,0.00041523,0.000592256,1.3968786159753577,1.2902680150511372,1.512298100090388,1.2643153617669274,1.5039857428413168,win,182992,a7333e897cf7f167b9696e3117568ab9c45d17090f8477361f17336c79b4a556,known complete barcode preserved by filtered chain isomorphisms
algebraic_s2_v3,algebraic,F2,2,3,384,combined,777,33376,300,0.000499143,0.00062534,1.2212917739265137,1.0694891918495104,1.3946411131852274,1.0829736066855047,1.3904084233906417,win,766824,a7333e897cf7f167b9696e3117568ab9c45d17090f8477361f17336c79b4a556,known complete barcode preserved by filtered chain isomorphisms
algebraic_s2_v4,algebraic,F2,2,4,384,construction,780,38762,314,0.000185339,2.7383e-05,0.18359558425919548,0.12025569249788998,0.2802972388194162,0.1404639986569012,0.29895908284165584,loss,670104,18d1ce13ec2016f4e0ed4adc922bfb92e27380bc643ef1d39575ea9250987a2e,known complete barcode preserved by filtered chain isomorphisms
algebraic_s2_v4,algebraic,F2,2,4,384,query,780,38762,314,0.000474841,0.000772324,1.561344683744186,1.39159229054646,1.7518042015732502,1.3931968861121264,1.7386550411784871,win,184368,18d1ce13ec2016f4e0ed4adc922bfb92e27380bc643ef1d39575ea9250987a2e,known complete barcode preserved by filtered chain isomorphisms
algebraic_s2_v4,algebraic,F2,2,4,384,combined,780,38762,314,0.00058565,0.000796399,1.3408634630535572,1.246638814000577,1.4422098897934252,1.2321734424701156,1.4196566722521302,win,854504,18d1ce13ec2016f4e0ed4adc922bfb92e27380bc643ef1d39575ea9250987a2e,known complete barcode preserved by filtered chain isomorphisms
algebraic_s3_v1,algebraic,F2,3,1,768,construction,1539,11470,575,9.8295e-05,5.5564e-05,0.6233932082059569,0.37421091118782956,1.03850283468152,0.41074882665090034,1.007661716954285,loss,287960,eb5bdb9bd25f69c0442be415e52f8791c2678cf1aec137b3c04e4d0c9c87bd48,known complete barcode preserved by filtered chain isomorphisms
algebraic_s3_v1,algebraic,F2,3,1,768,query,1539,11470,575,0.000437895,0.000277909,0.6127316055378382,0.5394420542076046,0.6959784049029455,0.5504958065423485,0.6889815658512651,loss,291840,eb5bdb9bd25f69c0442be415e52f8791c2678cf1aec137b3c04e4d0c9c87bd48,known complete barcode preserved by filtered chain isomorphisms
algebraic_s3_v1,algebraic,F2,3,1,768,combined,1539,11470,575,0.000492465,0.000329946,0.6657853926405205,0.5957689001004447,0.7440304268630977,0.5841877087711816,0.7417825006536586,loss,579832,eb5bdb9bd25f69c0442be415e52f8791c2678cf1aec137b3c04e4d0c9c87bd48,known complete barcode preserved by filtered chain isomorphisms
algebraic_s3_v2,algebraic,F2,3,2,768,construction,1542,47878,580,0.000180189,6.7268e-05,0.3615762777432238,0.24475803357798512,0.5341495954819773,0.25662480493423495,0.5124715474236045,loss,870520,b3dc00399b6ee12cb433d7c9eae6981783e0e2cf8c7e5ec7c08695ef2d98cce6,known complete barcode preserved by filtered chain isomorphisms
algebraic_s3_v2,algebraic,F2,3,2,768,query,1542,47878,580,0.000782532,0.000891471,1.070071745502006,0.9023579686943592,1.2689570882590107,0.8628076665108433,1.2096387112603704,near_tie,442800,b3dc00399b6ee12cb433d7c9eae6981783e0e2cf8c7e5ec7c08695ef2d98cce6,known complete barcode preserved by filtered chain isomorphisms
algebraic_s3_v2,algebraic,F2,3,2,768,combined,1542,47878,580,0.000908709,0.000950546,0.9744463549895136,0.7954854417377716,1.1936682293996814,0.7573492386239777,1.1286088285688818,near_tie,1313320,b3dc00399b6ee12cb433d7c9eae6981783e0e2cf8c7e5ec7c08695ef2d98cce6,known complete barcode preserved by filtered chain isomorphisms
algebraic_s3_v3,algebraic,F2,3,3,768,construction,1545,119270,607,0.000580546,8.7426e-05,0.18292907116278853,0.11353600650483645,0.294735089832978,0.12931264947507606,0.29451203910065527,loss,2012856,68a2cbe7fc88e2a3e9f1c49c3b0869d954e987381eb73ac056cdbdbea4bf6587,known complete barcode preserved by filtered chain isomorphisms
algebraic_s3_v3,algebraic,F2,3,3,768,query,1545,119270,607,0.001413321,0.002851379,1.8954280462425783,1.6305129975150783,2.203384753116471,1.5678245545545269,2.121666460639355,win,443792,68a2cbe7fc88e2a3e9f1c49c3b0869d954e987381eb73ac056cdbdbea4bf6587,known complete barcode preserved by filtered chain isomorphisms
algebraic_s3_v3,algebraic,F2,3,3,768,combined,1545,119270,607,0.001705535,0.002945973,1.6253334043382035,1.3407070886802985,1.970384655650574,1.3039542576090148,1.895225328311911,win,2456680,68a2cbe7fc88e2a3e9f1c49c3b0869d954e987381eb73ac056cdbdbea4bf6587,known complete barcode preserved by filtered chain isomorphisms
algebraic_s3_v4,algebraic,F2,3,4,768,construction,1548,157959,595,0.000928188,9.7185e-05,0.09992676446957992,0.07976576965582567,0.12518350039677226,0.072814551971541,0.11247161515039891,loss,2631992,3d7b02b58ad89ccbee1d14064a9641623ffa79db2f7b0cf2fd0439311271256f,known complete barcode preserved by filtered chain isomorphisms
algebraic_s3_v4,algebraic,F2,3,4,768,query,1548,157959,595,0.001705162,0.004512287,2.4665329977490416,2.195566885451844,2.7709404205797368,2.270620979364428,2.7631438917776125,win,443280,3d7b02b58ad89ccbee1d14064a9641623ffa79db2f7b0cf2fd0439311271256f,known complete barcode preserved by filtered chain isomorphisms
algebraic_s3_v4,algebraic,F2,3,4,768,combined,1548,157959,595,0.002199284,0.004679101,1.953096533171346,1.5330138783612126,2.488291933771475,1.551587696776072,2.337836308357123,win,3075272,3d7b02b58ad89ccbee1d14064a9641623ffa79db2f7b0cf2fd0439311271256f,known complete barcode preserved by filtered chain isomorphisms
