0.30587587,0.87968295
-0.03979432,1.00348648
-1.03487876,-0.03903042
-1.00917523,-0.04380146
-0.96648920,-0.19489477
-0.89043470,0.29787081
0.50099960,-0.71985660
0.52661279,0.94513594
0.38897932,0.83949139
0.84467346,-0.41252011
-0.85572190,-0.52062184
-0.74068510,-0.71490890
-1.00925202,0.16592493
-0.84489011,0.44537530
-0.59135151,0.79947306
-1.09366418,-0.25428687
0.54848786,-1.02905328
0.96562612,0.25471414
0.95566915,-0.36976222
0.34498048,0.81265516
-1.01554123,0.09077382
0.43473873,-0.93599717
0.69921028,0.72042370
-0.64615438,-0.86950779
-0.83229221,-0.64872923
-0.94782252,-0.32050759
0.41509190,-0.73947083
0.64710570,0.71529405
0.19770230,1.06459777
0.82979805,-0.52771878
0.84319194,-0.26913023
0.63685265,0.65609299
-0.51871461,-0.95667208
0.82980429,0.58609784
0.94103819,-0.41859126
0.94773299,-0.37419906
-0.35334686,-1.06183572
-0.84652174,0.11644300
-0.53025195,-0.75269962
-1.06485107,-0.38488537
0.44911476,-0.94209632
0.49875762,-0.87534869
0.64685326,-0.76572303
0.47379368,-0.78286462
0.18240787,0.95893127
0.29612515,0.92888348
-0.29749875,-0.86400647
-1.03710053,-0.31441852
1.02031919,-0.19917767
0.91452521,0.36348171
-0.85975112,0.59530893
0.66410997,-0.74654951
-0.96757973,0.36710590
0.63402559,0.71873516
-0.55086055,1.04045870
0.85841360,-0.23033827
0.11665834,-0.97295707
0.60028570,-0.88138199
-0.04676199,1.02519698
0.31897606,-0.88195506
0.94338691,0.01730261
0.18732781,0.96724798
-0.65257197,-0.67378795
-0.52896358,-0.81867437
-0.92213307,0.25622707
0.95907989,-0.27322333
-0.71172116,0.75692056
-0.13972071,0.89440778
0.33955680,1.00774697
-0.01513319,-1.00624286
0.43205621,-0.96854054
0.42702650,-0.88797903
-0.83475245,-0.82300367
0.88317505,0.19711112
-0.95161680,0.55624152
0.50823260,0.81689237
-0.21529121,0.95266181
1.08773696,0.17953613
-0.35253459,-0.91096792
-0.00181049,1.03852350
-1.00139013,-0.42393422
0.95430229,-0.24872695
0.08334109,1.09712182
-0.22905813,1.03452284
-0.03335695,1.04944543
0.94223705,0.43092977
-0.88868279,-0.38591501
-0.96294116,-0.32162594
-0.86940069,-0.64357021
1.02371758,-0.26515688
-0.87626186,-0.45439714
-0.72211469,-0.61695874
0.72347279,-0.58863155
0.65988793,-0.66894614
-0.97310275,-0.13550093
-0.83403669,-0.63690753
-0.65504101,0.72546430
-0.97978781,0.02046517
-0.91923231,0.12060207
-1.03412757,-0.20673758
0.11735620,0.97539850
-0.76635742,-0.54730497
-0.21315077,1.04204116
-0.38321853,0.99599748
-0.36187051,0.93929983
0.17779770,-0.99345821
0.90549763,0.41178661
0.91867623,-0.03993669
0.56114967,0.90588014
-0.79413327,-0.74645429
0.11805437,1.04737553
-0.40210081,-0.91172838
0.64344099,-0.78335188
-0.94438192,0.44403811
-1.07022330,0.18251084
0.95371981,-0.11811570
-0.85585902,-0.55609529
-0.61679306,0.73378872
0.14788560,0.93306988
0.61579300,-0.84015271
-0.33287339,-1.02418165
-0.33822300,0.87247900
-1.07945439,-0.01509350
0.65864092,0.82114420
0.15555520,-1.02534247
0.86236738,-0.61833761
-0.11751533,-0.95411108
-0.27751780,-1.03334419
0.65576039,0.76475816
0.84429785,-0.53644630
-0.76323594,-0.49845096
0.80678884,-0.69323553
-0.00610205,-0.98945882
0.73385176,-0.65676477
0.35335824,-0.88712602
-0.09299290,-0.98695333
-0.86555481,-0.66352900
-0.18062016,1.06072075
-0.00505819,0.96792898
0.81179835,-0.46883982
0.23196156,-0.90532303
-0.01140734,0.99299234
0.70130865,0.53852820
0.67614693,-0.68536408
1.04887458,0.04400888
-0.70893769,-0.68030893
-0.24727098,-0.94089835
-0.87817941,0.42979398
0.86692874,-0.54315724
-0.60850494,-0.84534184
1.09341712,-0.06560760
-0.33148785,-0.88685540
-0.87678097,-0.32487040
0.81372470,0.48012411
0.70471989,-0.60452470
0.76094665,0.68899465
-0.16876548,0.96774958
-0.55560258,-0.75364664
-0.37921096,-0.91490460
0.99387635,-0.45247026
1.00522383,-0.36129803
0.85638237,-0.47066039
0.24403567,-0.96185590
-0.75890443,0.65853324
-0.17158928,-1.02986139
0.53289636,0.78022793
-0.40239588,0.80472180
1.02102961,0.04614623
-0.60593492,-0.75450014
0.85940158,-0.40269047
0.49642930,0.83641272
-0.86301223,-0.63544221
0.39926390,0.85738431
-0.28961246,-0.95832490
0.89677755,-0.44356604
-0.89109731,0.37503521
1.08242280,0.14843588
-0.49648323,0.81481771
0.91715615,0.48953235
-0.92066100,0.27068866
0.28312663,-0.81310477
0.93406176,-0.10077952
-0.11856489,0.82386035
0.57748778,0.84122544
0.95890680,0.30331207
-0.32129278,0.88860760
-0.04102061,0.96821251
0.27800121,0.96658428
0.72829244,-0.62652593
-0.19232006,0.97019978
0.53680989,0.84430689
0.53110581,0.76743410
-0.17895678,-1.05332353
-0.95738968,0.44468573
-0.75889729,0.66250480
-0.31597973,-1.07400061
-0.77734680,-0.83851746
-1.04648228,0.21933840
-0.78028783,-0.77302145
-0.35135386,0.89620416
-0.87001769,0.39764081
-0.40230290,-0.76830164
0.98072994,0.11861228
-0.91286213,0.55763044
-0.71636573,0.67359037
-0.40617583,0.76453867
-1.13172480,-0.00536519
-0.37457513,-1.06112695
-0.10054639,-1.14166038
0.13420814,-0.93498763
-0.74678190,-0.72131333
0.96860451,0.09194720
0.01258623,0.98444371
-0.56268968,-0.92358154
0.82110025,0.73374819
-0.84268194,-0.45796267
0.98766648,0.09460860
0.48772498,-0.75045191
0.52439810,0.88516036
-0.85007837,0.35599535
0.69766037,0.65284214
0.51407434,0.91578131
-0.99149078,0.18294516
-1.03848855,-0.11573078
0.66899217,-0.73688376
0.28759262,1.01240179
0.81125379,-0.74310800
0.06642472,0.90370035
-0.70765422,0.52405964
0.98080739,-0.22823470
-1.04286016,-0.09939304
-0.01596204,1.07123508
-1.00907911,0.34043516
0.50123615,-1.00351862
0.70410322,-0.75041409
0.73263294,0.63329146
-1.05866572,-0.14021521
-0.64515628,0.63957617
0.83329624,0.54279622
-0.96393675,0.38709334
-0.26953779,0.90511157
-0.05104583,-1.06387966
0.97805038,0.09739014
-1.07940743,0.33693204
-0.53766415,0.77481370
-0.93413287,0.47320624
-0.85859864,0.39437566
1.07940579,-0.12238936
-0.36110045,-0.89822198
-0.76302966,0.67158261
-0.42621929,0.66817898
-0.85746392,0.32256746
1.00436674,-0.41837662
-0.82205276,-0.57073694
0.92315496,-0.28978451
0.28963908,1.01521566
-1.14185262,-0.12581820
-0.18212770,-0.92545280
0.45728731,-0.91208337
0.74770683,0.61160296
-0.87000462,0.53485103
0.61433761,-0.69562825
-0.68840111,-0.56959270
0.55664093,0.73677543
-0.87789509,0.49626663
-1.00837291,-0.01312854
1.06338127,0.00989432
-0.85219101,0.42510239
-0.94154439,0.15052481
0.91708351,-0.19714207
-1.01815722,-0.10856013
-0.99265560,-0.13932318
0.87979989,0.46859360
0.91649240,0.21153973
-0.97745486,0.24663470
-0.66388892,-0.66640316
0.22251695,1.02025951
-0.97840491,-0.47059839
0.82847864,0.54891182
-0.15509915,0.93277612
-1.10107581,-0.16165673
-0.37456474,0.96320789
-0.98549153,0.33422436
-0.18792224,-0.99427712
0.44113000,0.91338211
-0.56500961,-0.80654378
0.95931441,-0.23619727
0.39247132,-0.82827098
-0.65020413,0.68490066
-0.64626094,-0.81156274
0.78930344,0.65556861
-0.19999553,-0.95133313
0.00441310,-1.07416982
0.16459268,0.86933762
-0.69367304,0.66502322
-0.79378921,-0.54963984
-0.52270714,-0.81973071
-0.71559850,-0.68684403
-0.00845632,-1.08661922
0.59687219,-0.75678215
-0.98623605,0.18090900
0.93290193,0.08774586
0.40200727,-1.05951744
0.79039451,0.63172422
-0.96185072,-0.15872493
-0.22905427,-0.95962956
0.35287483,-0.91705485
-0.95057494,-0.17847983
-0.72810107,-0.78864572
0.95750180,-0.22198740
0.14174861,-0.95091635
-0.17668478,0.94378713
0.92249648,-0.41631597
-0.41244456,-0.94988748
-0.34868502,1.00442433
-0.18151566,1.01215241
-0.97287836,0.38067729
-0.97174343,-0.05711122
0.60415091,-0.87446128
-0.98172772,0.26667636
-0.22367070,-1.00259599
-0.43680109,0.76357223
-0.92905063,0.20201572
-0.41063902,0.82742024
-0.68602970,0.52904162
-0.32596834,-1.01994098
0.09992934,1.10949901
-1.06469290,0.07693485
-0.09392974,-1.03753208
1.08819419,0.11213399
-0.75183455,0.49366113
0.13975019,-1.07801080
-0.49593775,-0.72741477
0.42361582,-0.90713052
-0.04994719,0.99852578
-0.77369375,-0.66360824
-0.33193870,0.96374156
0.90810892,0.53013075
0.23482124,-0.92785003
-0.27891205,0.86476309
-0.08885045,-0.92032867
0.15738566,-0.98794594
0.33442345,-0.91147406
-0.20849023,0.87854107
0.32948522,-1.00831518
0.02635375,0.95668790
-0.48222579,-0.83526193
0.94284083,0.06792575
0.15987823,-0.96680183
0.95122662,0.43729641
-0.16309318,-0.93617111
-0.63335565,-0.67141471
0.89893379,0.34656046
-0.81962171,-0.48648322
-0.27545132,-0.86635807
0.36774346,-1.05369323
1.01692345,-0.10166220
0.08272893,0.89404016
-0.98443795,0.47390209
-0.73548063,0.82270774
-0.48012440,-0.74433630
0.34877490,0.95479129
-0.92246537,-0.33980571
0.09998456,1.01928455
0.23047089,0.77996799
0.02036543,-1.02144479
-0.94703918,-0.31800400
0.18169322,-1.06706948
-0.57517481,-0.91463511
0.51197464,-0.70146779
-1.01803788,0.14123434
0.98123554,0.09111504
1.05231607,0.00866263
0.13596530,1.04801899
0.45338384,-0.92657551
0.30120406,0.90027558
-1.04548032,-0.06958300
-0.22497132,0.90451315
-0.55589406,-0.86154605
0.86665481,0.46379873
0.85536358,0.45507796
-0.97042515,0.21032503
0.51054107,-0.71417030
-0.93574106,0.18208319
0.70351531,0.63303445
1.05393526,-0.07094189
0.85616647,0.64303220
-0.36621805,0.86037504
-0.82644303,-0.38210214
-0.13041823,1.02294936
-0.29611744,-0.87621914
-0.79812147,0.47074847
0.30190981,-1.12553070
0.82825449,0.49381924
0.39523903,-0.84617147
0.79036214,-0.56210021
-0.02234977,1.01451351
0.05720881,1.11079999
0.76640805,-0.65425155
-0.81785904,0.48215109
-0.73235501,0.60824697
-0.96031103,-0.57285672
-0.85133040,-0.22428708
0.35052247,-0.94041065
-0.51158535,-0.96020630
-0.31718931,-0.98513121
-0.87758163,0.43323345
-0.95579275,-0.06249888
0.62335630,-0.82999351
0.69946077,-0.76294195
-0.75627284,-0.64591958
-0.86592259,-0.52420651
-0.30973018,0.94959414
-1.05490908,0.10418444
0.32214862,0.91738395
-1.07309468,0.08972887
0.92639027,0.37055528
-0.04718058,1.10767377
-0.24704515,1.04723017
-1.02881311,0.15505621
-0.37066206,-0.85789357
0.84447807,0.58349242
-0.53412047,-0.58652763
0.12851483,-0.96860171
0.47202692,0.84967941
0.60000264,0.71699920
0.80574847,0.59541590
-0.72697823,-0.81247262
-0.86177977,0.67052965
1.00975957,0.24238566
0.65927520,0.60740075
-0.54751773,0.62892439
0.93590220,0.31215275
0.29245650,-1.01197702
0.37403709,1.01765654
0.37117128,-0.93002214
0.95608439,0.18436048
-0.48938611,0.82879303
0.88896723,-0.39397707
0.59227104,0.81481660
0.99787713,0.18316420
0.52713083,-0.84247966
0.33732607,-1.05287490
-1.00085072,0.02308906
0.69308523,0.72563114
-0.27363143,1.04796535
-1.01762211,0.37880785
0.94084857,-0.22165722
0.21833539,0.87717860
-0.52016416,-0.77720233
-0.29400827,-0.96517362
0.72847980,-0.75040535
-0.46285443,-0.93116797
-0.78092018,0.73122063
-0.99002866,0.38684717
-0.95564121,0.15596169
-1.00389245,-0.62160142
-1.13298089,-0.21710637
0.82503889,0.61701777
0.14438743,-0.96087683
-0.66459337,0.79943509
-0.60140497,-0.63092373
-0.35696099,0.93253642
-0.89594838,0.32088743
0.99783105,-0.06914629
0.98574143,0.11571934
-0.71075811,-0.88337195
0.34549458,0.85947274
0.98979165,-0.29574347
0.40621782,-0.90389603
0.53005481,-0.95690992
0.55581475,-0.91657887
-0.48589677,0.75270084
-0.92563280,-0.01614375
0.84136465,-0.47261310
-0.92494066,0.15906764
0.95753569,-0.38663727
0.39465454,-0.94662454
-0.90564300,0.08649787
-0.98388505,-0.19150010
-1.04308958,-0.14012592
-0.15640627,1.02060190
-0.61659795,0.80850698
-0.90403096,0.45035646
-0.98921541,-0.19855582
0.74958135,-0.79765111
-0.91392895,0.09034581
-0.98146664,-0.35401550
-0.27421609,-0.93498433
0.29739700,-0.96826786
1.04507200,-0.20058523
-0.08707661,-1.03988192
-0.85857004,-0.61543357
-0.21931927,-1.02829865
0.70730926,0.68887282
-0.07245221,-1.00136786
0.16548895,1.03332636
0.75098783,-0.73980084
0.72236382,-0.75065210
-0.70398412,-0.70755119
0.93720278,-0.38396941
0.85740875,0.27772746
0.84802482,0.44702235
-0.97911165,0.00521257
0.32876555,0.99386881
1.04985392,0.12662655
1.01024207,-0.27316607
-0.84856867,0.48694547
0.57477164,-0.88833092
-0.25029154,1.03226113
-0.69528247,-0.78199647
0.84434147,0.39287040
-0.67726312,-0.64598737
-0.25222584,-0.91846784
-0.73644224,-0.62477731
-1.06773400,0.11823033
-0.06215304,-1.01202167
0.19412142,1.11250926
-0.49618605,-0.98828513
-0.25626278,1.02766000
0.87903719,0.41379851
-0.76013687,0.71314264
-0.00420880,-1.03366643
0.46725987,0.80242384
0.14383536,-0.90501892
-0.58529508,0.72539907
-1.07321676,0.03077396
0.89664728,0.41022065
0.45291094,0.81744985
-0.49493450,-0.85744111
0.93728437,-0.53698415
-0.11868918,0.91388170
-0.41980527,-1.04004920
0.68638164,-0.66053373
0.61403478,-0.90582348
1.00294132,-0.34166143
0.72821395,0.59722004
-0.48458031,-0.83126411
-0.25484148,0.97042508
0.94182491,0.22315888
-1.04040666,-0.01792150
0.99555587,-0.26882121
-0.49243679,0.71922875
-0.07943083,1.00591488
0.93447532,-0.06956671
-0.42748334,-0.88672777
0.54674205,0.81901380
1.00749334,0.13496579
0.91022155,0.52930327
0.83394183,0.49866787
0.71987492,-0.62233037
-0.31495892,-1.05668719
0.43017888,0.97167860
-0.92080182,0.38106000
-0.96597470,0.32676939
0.62063804,-0.74740916
0.97057270,-0.17808170
0.92900712,0.03593094
1.04207947,0.19586201
-0.80639511,-0.69897003
0.81993964,0.31106374
-0.80769150,0.46350138
-0.62954983,-0.75628208
-0.96817538,-0.11737232
0.34212557,0.81059993
-0.29136503,1.04058113
-0.89618881,-0.24884665
0.59059114,0.87256338
0.94069116,-0.46010376
-0.00819719,1.11983608
0.52666185,-0.78151175
0.34446079,1.05717385
-0.91978481,-0.01850481
0.47857681,-0.95749121
-0.52835989,-0.91661943
0.66818837,0.76079050
-0.06806993,0.95181356
-0.82023590,0.72076539
-1.06940020,-0.04216015
0.83642933,-0.19953202
-0.48513818,0.66951834
-0.60856797,0.75678125
-0.90996670,-0.18843822
0.12551325,1.01484535
0.48771893,-0.85205911
0.99519349,0.02210368
-0.02305501,-0.97670440
0.91454457,-0.53397344
-0.50774934,0.88166658
0.07517358,-0.91775217
-0.08068690,-0.85663071
0.20721233,-1.03485508
-0.47502573,-0.79085103
-0.84701436,-0.23978512
-0.20428156,0.91049121
-0.88231927,0.44107493
0.81857243,0.70490897
-0.57829913,-0.66085930
-0.98387456,-0.06685467
0.96887466,0.42374390
0.78737616,0.68580815
-0.46918443,0.93398006
0.35750282,1.06256136
0.29586242,0.88536101
0.13668113,-0.94665302
-0.47149849,0.95723275
1.02781384,0.40566199
0.90083162,-0.48099722
0.94280240,-0.25667828
0.43783499,-0.80747059
-1.01279635,0.31659003
1.00797636,-0.23005473
0.77539544,-0.53207879
-0.57824233,-0.79288991
-0.30779348,-0.89716408
-0.17791641,-1.04073338
-0.95940969,-0.28785958
0.80759723,-0.74289097
0.71878293,-0.82285129
-0.00205064,-0.99772084
-0.27526997,-1.03171462
-1.04833986,0.24504799
-0.56296812,0.90269609
0.97011934,-0.19175568
-0.92539720,-0.51098788
1.03648995,-0.37987006
0.18257555,1.00176466
0.49611780,0.83208373
-0.04111445,-0.99888844
-0.56145952,-0.95090565
-0.86916435,0.46998827
-0.95878720,-0.11004374
0.94657589,-0.46826255
-0.36691244,-0.85802350
-0.87773510,-0.24068565
-0.19476039,0.90115625
0.50268840,0.90025490
-0.71309026,0.65544358
-0.37630019,1.01150956
-0.26484569,-0.92064024
0.90736460,-0.04874917
0.60612179,-0.71857549
-0.22866786,0.90954853
-0.33975820,1.05030301
-0.76845030,-0.55455752
0.67697289,-0.88834677
-0.35030829,0.99991395
-0.20027940,1.11450707
-1.00429425,0.16291761
0.17051900,-1.05650725
-0.79952725,0.22987381
0.98128527,0.09968905
-0.37831276,-0.87348519
0.82244251,-0.70450814
-0.32491642,-0.95142637
1.00019603,0.20773143
-0.10242226,0.95514377
-0.93620975,-0.14033181
-1.01627643,0.00457667
0.95982027,0.50382557
-0.20344068,0.99135885
-0.89195119,0.64174197
-0.95723461,0.00805857
0.95810134,-0.11530605
-0.19893865,-0.98335831
-0.95950941,-0.16043554
0.96891020,0.05159517
0.99444779,0.21513619
0.14665509,-0.92751034
-0.86798434,-0.38778683
-0.54053241,-0.98170825
0.69681137,0.73609219
0.99313989,-0.17727364
-0.98747707,-0.07173239
-0.80704023,-0.36955488
-0.41944357,-0.97972989
-0.65005567,-0.74211061
0.27852416,-1.10289735
0.21227903,0.88582392
0.96264171,0.35466593
-0.95698619,0.50492327
0.15343889,-0.93144811
-0.00665288,-1.17307672
-0.82168172,0.66349089
0.01131955,-1.05401031
0.17531365,-0.92153496
0.30935962,-1.04266085
1.05308435,-0.24212057
-0.96823045,0.25665791
-0.14353218,-1.13469767
0.91274582,-0.52296180
-0.21496186,0.82950997
1.01412199,-0.10514667
-0.50840145,0.95180918
-0.48001248,-0.85713255
0.67935657,0.76680360
0.37090208,0.87419132
0.82279311,0.52123581
-0.56772023,-0.64727117
0.92344347,0.16384603
-0.97049902,0.09367550
-0.05810872,-0.98547485
-0.15085485,0.87473168
0.36626742,0.99703073
0.98008648,-0.24188645
0.30367958,0.91183284
-0.79373236,-0.46456006
-0.98995668,0.23435586
0.79232422,-0.54970245
-0.73936757,-0.74885056
-1.06738750,0.11915454
-0.04943607,1.00635565
0.50703932,-0.83712913
-0.41989175,0.97294568
0.32212544,-0.95091730
-0.30417038,-0.84274686
-0.97617923,-0.36195455
0.98151038,-0.00598036
-0.62194461,-0.75852565
-0.86217896,-0.59256464
-0.24701983,-0.94698176
0.50355883,0.87336435
-0.94564350,0.35281957
0.89850532,0.01414969
0.60796392,0.67313111
0.97301158,0.19493944
-0.84980252,-0.42624455
-0.47297648,0.93472914
0.44355107,0.85082995
-0.73637311,0.54785639
0.90684805,-0.31541233
0.77912810,0.28263552
0.83797127,0.71831648
0.72241137,-0.67862365
0.20387358,1.00037023
-0.52704937,-0.90740797
0.85025018,0.53636230
0.92659886,0.20993062
-0.77326310,-0.69310100
-0.08492391,-0.99529363
0.28555610,0.89688289
-0.84403410,0.25799156
0.56803638,0.93001872
0.45676196,-0.83939010
0.63392243,0.73794276
-0.80424283,-0.35308588
0.98819122,-0.33315669
0.23833994,0.99381397
-0.13833283,-1.05758921
-0.96735083,0.03371468
0.57824675,-0.71789002
0.72716842,-0.78273448
-0.92944841,-0.02618488
-0.89519281,0.18006402
0.10301198,-0.97460891
-0.23772952,-1.05348756
-0.50465897,0.97030807
0.98080668,-0.36533293
-0.96984623,-0.04770872
0.00761217,0.99424709
-0.77850218,0.60158040
-0.78724594,0.56091327
-1.04475956,-0.03104316
-0.53374514,0.80282992
-0.94900813,0.26171193
1.04982224,-0.19354190
0.99938543,-0.09223482
-0.02344889,0.94455293
-0.37908355,0.95731771
-0.69062995,0.70117977
0.14015526,1.02346299
0.14163818,0.94053190
-0.99181332,0.14194878
-0.79108447,0.45453699
0.93066773,0.49543040
-1.09766296,-0.12583979
-1.07307441,0.19896238
1.00471968,-0.27981661
0.60019753,-0.81333265
-0.58110015,-0.79439056
-1.00921223,-0.19241480
0.71614881,0.62502190
-0.56957660,-0.74840024
0.99833258,-0.45900786
0.99529733,-0.25459373
0.90658260,-0.45296631
-0.07570051,-1.00512403
-0.55757003,0.79626785
0.45438551,0.94712357
0.15671253,1.01405415
-0.69803604,0.54481257
0.69676430,0.66437066
-0.33696932,0.87457330
1.05800487,-0.20324325
-0.01157081,-0.93238904
-0.26463212,-0.83749320
0.54910404,0.78803200
-0.97224869,-0.06280144
-0.90289883,0.04449932
0.98574355,-0.48573124
-0.48540953,-0.91512075
-0.27814203,0.80323213
-0.02966974,0.98998473
0.75203187,0.61977946
-0.93610955,-0.02354065
-0.69562654,-0.71682259
-0.81879452,0.60223890
0.92260991,-0.35509905
-0.01371766,-0.99734419
-0.98652110,-0.28971829
-0.79252381,0.59443075
-0.55035267,-0.82075472
-0.35274370,-0.88797019
-0.07481806,-1.04269423
-0.35759944,0.87294556
-0.92175950,0.63261795
0.06049556,1.11408234
0.72943705,0.83279281
-0.34479807,0.89804805
-0.09557916,1.05144516
-0.20701846,0.94862142
-1.04283857,0.11617724
-0.69058247,0.63602424
-0.12947134,-0.93549017
-0.05991216,1.02043911
-0.19650668,-0.90673549
0.82744060,-0.67970912
-1.02132050,-0.00286869
0.36182875,-0.95661738
0.84502627,0.48942288
-0.06740018,0.99353083
0.88177545,0.56014712
-0.97341306,-0.00680302
-0.69332534,0.66447608
-1.08233275,0.11622703
0.16565240,1.01187862
0.97645987,0.22501664
0.08879406,-0.98293305
1.01460277,-0.44530874
0.36883277,0.90436885
-0.05265561,-0.98543845
-0.62675549,0.81241208
-0.02045149,-1.08780883
-0.89267856,-0.65598671
0.00212102,-0.94544701
1.00873440,-0.04975010
-0.16095033,0.94746280
0.73950503,-0.70564944
0.23331863,0.85723377
0.25910753,-0.95043258
0.59201103,0.86719797
0.30823811,0.97596693
-0.74876254,0.36214201
0.27472056,1.04093655
0.37805092,-0.94653981
0.93890719,0.22063379
-0.55589413,0.82003503
-0.82205940,-0.42715862
0.33096619,-1.01593270
0.98368039,-0.20450865
-0.86008206,-0.22413383
0.31532242,0.92461576
0.13583458,1.08962041
-0.82976085,-0.65770506
0.63579634,0.82582758
0.51636894,-0.81338678
0.59469278,-0.87085678
-0.16704695,-1.05658112
0.99368618,-0.19753761
-0.99652709,0.34453557
1.03444937,-0.23975577
0.28381119,0.99599115
-0.01703169,1.06527807
-1.02600749,-0.18413958
0.72283621,-0.62343634
0.97842327,0.07832248
0.64583548,-0.81906871
-0.76019222,0.78996740
0.69426225,-0.79890415
0.66406811,-0.82472084
0.74853918,-0.66824081
-0.85806196,-0.33266303
0.69792682,0.68329962
-0.34393553,0.94488484
-0.59672407,0.75938837
-0.56469971,-0.79145543
-0.56181998,0.87868106
-0.95133542,0.03833456
-0.66934478,0.80355974
-0.66298223,-0.65363975
0.60268519,0.84974520
-0.74460685,0.62182004
0.72695987,-0.71994299
-0.17612610,0.89757729
-1.03702967,0.07210285
0.20593079,-0.96994832
-0.39283485,-1.04133773
-0.87514569,0.15629153
0.80407340,0.43828895
0.69539360,-0.76735346
0.92390190,-0.52518112
0.19481073,-0.85860941
0.07724172,-1.02600904
0.77345448,-0.68494110
0.73901890,-0.75713881
-0.98746888,0.18344896
-0.69940454,0.54473806
-0.84156506,0.24919856
0.74807250,0.82674714
0.38607413,0.92732615
-0.38230851,-0.99786607
-0.06429162,-1.00010180
-0.35441807,-0.91647062
-0.83844265,-0.47641617
0.50838535,0.78766664
-0.73979726,0.68171151
0.86410049,-0.28090852
0.95762630,-0.27688459
-0.29560525,1.00982272
-0.71815615,0.70818162
0.33705719,0.87702568
-0.70426846,0.84511306
-1.04193229,0.32842852
-0.24392169,0.98877860
0.76940446,-0.48213918
0.95654434,0.53869218
-0.97299578,0.41028845
0.87374580,0.41639353
-0.67759997,0.81942559
0.06649251,-0.94930645
0.80704282,0.60797746
-0.86247440,-0.42656472
-0.89700533,-0.43484971
-0.89767236,-0.38182455
-1.10947307,0.01769725
-0.71987622,-0.62191529
-0.08764206,1.03995819
-0.10376382,0.98867830
0.16308095,-0.99852506
0.45451701,0.87116025
0.47194805,-0.90425762
0.86991340,-0.65067885
-0.99835141,-0.45949689
-0.15991892,0.90331369
-0.86359812,0.34995060
-0.94226130,-0.04548114
-0.33063398,-0.91782666
0.90023873,-0.35424733
-0.82638955,0.42228374
0.30316216,0.98349091
-0.39496972,0.96278545
0.99464386,-0.33012076
0.24704192,0.92442519
-0.03707384,1.01319322
0.95729496,0.17847058
-0.81194751,-0.66820643
-1.11007073,0.19547735
0.38727698,-0.73891223
-0.64351382,-0.81487082
-0.56791457,-0.85956394
-0.41285456,-0.93590385
-0.96469253,0.27621930
-0.26733473,0.89113159
0.98450701,0.14005636
-0.77026447,0.58177911
0.99346275,0.07144111
0.19520995,0.97444606
-0.67693130,0.67196114
-1.12877295,-0.14749404
-0.65910811,0.64843504
0.22436669,0.97328838
0.02438212,-0.94036034
-0.39500943,0.93301885
-0.69248498,0.83135800
0.19848314,0.97716315
0.89788527,0.39698621
0.04422590,-0.92211560
-1.00228903,0.28279856
-0.89108186,-0.29146886
0.71439104,-0.76464767
0.74240126,-0.63182689
-0.86032901,-0.48466865
0.91846010,-0.33189599
-0.88608165,-0.23218800
0.77322530,-0.71082253
-0.90080582,0.14816776
-0.10079471,0.96007559
-1.02169946,0.04160475
0.60032125,0.94912595
-0.72667693,0.69448794
0.13640716,1.03833848
-0.92267698,0.31072951
0.86199815,0.55775049
-0.91038074,0.42253719
-0.97270067,-0.42923139
0.93495188,-0.05222975
1.04859807,-0.02462191
-0.62684627,-0.95999819
-0.91971787,0.28417475
0.02083663,-0.88439156
0.82779870,-0.49215130
-0.40175871,-0.93794985
0.37759489,1.03570563
-0.83475356,-0.66219065
-1.07312580,0.03096507
0.82803706,-0.43237100
-0.50713536,-0.86161096
0.99011922,-0.18376724
0.89004157,0.28992173
-0.30616327,-0.92973714
0.16136393,0.92118111
-0.97926550,0.19377132
0.51652683,-0.73380207
0.87751445,-0.02773324
0.19852763,1.03270005
0.61365295,-0.76028536
0.69544659,0.70579653
-0.38355040,1.10626768
0.23755061,1.06084017
0.97924747,-0.14732569
0.76080994,0.57383647
0.32504283,-0.96133675
-1.05126995,-0.15718848
-0.18433228,-0.97746446
0.93260115,0.55306125
-1.03323620,0.24173910
-0.96973617,-0.36658278
-0.23229736,0.93924913
-0.57233902,-0.75678160
0.92104445,0.51738154
0.90636893,0.46717473
-0.57935998,-0.77752427
-0.07943764,1.04501056
0.66056385,-0.77045771
-0.89663349,-0.36866264
0.73771583,-0.65847627
0.61817709,-0.84802727
-0.26267202,-0.99093436
0.91652338,-0.12813766
-0.01286100,0.95802783
-0.96162009,-0.42490893
0.63660446,0.71208551
-0.22614619,-1.00423842
0.45311681,-0.89631835
0.74564698,-0.55811403
-0.81977298,-0.16127075
0.84510107,-0.42728965
-0.74622098,0.66532394
-0.64219450,0.78656697
-0.08166006,-1.05863583
0.88877398,-0.47301021
0.87430041,0.45537306
-1.05019891,-0.06096296
-0.94205576,0.28690449
1.09238366,0.22668231
0.74423373,0.62057495
0.42950991,-0.88693902
0.92212484,-0.29183744
-0.98605770,-0.48624479
0.03425642,0.99075163
0.94907526,-0.15533999
-0.88624024,0.49515000
0.75832121,0.75801022
0.21527982,-0.96030258
-0.31305665,-1.01915671
-0.36651149,-0.89023523
-0.80308004,0.70735674
-0.24491934,0.91318761
0.11862346,0.98025554
-0.81590365,-0.60744326
-0.33959135,0.85808826
-0.15583241,-0.98169208
0.90300697,-0.55535704
0.54014758,-0.77724511
1.06299497,0.20221187
-0.60142676,-0.76993993
0.98945243,0.34755777
-0.27382985,0.88268610
-0.28724312,0.93406950
-0.96825896,-0.36907407
0.91760812,0.26331686
0.12000966,0.96519264
0.83877843,-0.36129078
0.88942536,0.19317812
-0.59495375,0.83777116
-0.93518777,0.06056350
0.87971089,0.68946874
-0.23963306,0.90438012
-0.67519899,-0.69469293
-0.53330279,0.84062407
-0.87285241,-0.34694213
0.79557044,-0.25155055
0.80936392,0.54656241
-0.44984744,-0.85556693
0.95495210,0.14334141
-0.76482116,0.64286947
-0.15336355,-0.87172276
1.01692732,-0.28060557
-1.10496164,0.27489380
-0.69578624,-0.77777965
-1.06227616,0.04290534
0.69325684,0.68001927
0.83583148,0.53212110
-0.98604978,-0.37703841
0.69826896,-0.69994433
-0.05278027,1.05204807
-0.00164195,-0.93497192
-0.71275619,-0.75802001
-0.47377763,0.89013132
-0.46888328,-0.67354388
0.92401300,0.38711726
-0.03994989,1.01260908
-0.74528089,0.72035640
-0.60617879,-0.76952354
1.03685748,0.22413327
0.95561875,0.23071504
0.81924793,-0.45038179
-1.03657390,-0.20552391
0.93190376,-0.70490003
0.95709094,-0.03025201
0.53896023,0.93464410
-0.72457655,0.65379561
0.90327029,-0.07197565
0.93091051,0.07121290
0.93639983,-0.14855878
1.04885662,-0.00934429
0.03553249,-1.01782678
-0.72274004,0.60101083
-0.43052202,-0.90510486
1.03874601,0.11729097
-0.56847763,0.81054509
0.94763180,0.20438656
-0.89457282,0.42418204
-0.40201667,-0.86348013
1.01139763,0.12669512
0.85409118,-0.62156764
0.89283444,0.53635210
0.06368529,0.95949993
-0.76675605,0.67999590
0.70734677,0.59242072
-0.01901414,-1.09098871
-0.48123555,-1.00675616
-0.85613452,-0.54898792
-0.76484476,0.37007469
-0.82315118,-0.56099942
-0.64253770,0.67696477
-0.45715730,-0.78712452
0.78274884,-0.63440077
0.12630313,-1.00651884
-0.70257088,0.74741002
0.83397312,-0.68465235
-0.36659598,0.90866203
-0.39444318,-0.86897760
-0.06779031,-0.98022941
-0.77697530,0.47244986
0.62266890,-0.75392288
0.94029385,-0.17499720
0.77018601,0.74351902
0.93247310,0.25971426
-0.27795301,0.89653120
1.04054287,0.16689663
1.01647661,-0.08123915
-0.11574544,0.99758498
0.58919028,0.87025014
-0.79132683,-0.52098074
0.99811281,-0.30492666
0.77003791,-0.75610950
0.69174230,-0.74213771
0.26198878,0.84302315
-0.11759898,1.09449255
0.87759652,0.54352658
-0.36490860,-0.98053202
-0.62861117,0.82302511
-0.52841520,-0.86353498
1.04018137,0.19291103
-0.04509388,-0.99730757
0.72316274,0.73495590
0.93599930,-0.11513858
-0.07659956,0.95750828
-0.99524147,0.05365723
0.48266656,-0.98311834
-0.63415560,-0.72648426
0.85967619,0.49470998
0.92985449,-0.45828884
-0.13253896,-0.97251603
0.02340899,-0.94210122
-0.89958122,-0.07921889
0.52876822,0.90043880
-0.51293883,-0.78714400
-0.36893834,0.92425942
0.50650864,-0.88385338
-0.45268275,0.83299948
-0.49748305,-0.88271094
-0.86193028,-0.20909916
0.59596306,0.79068425
-0.35041768,-0.85414333
0.99188469,-0.21328150
0.97371056,0.34132451
-0.84510027,-0.52895381
-0.64210424,-0.83831606
0.52734964,-0.80957706
-0.36508094,0.81941081
0.44848806,-0.79981475
-0.08973447,-1.06345821
0.32927495,0.87577702
-0.06806267,-0.95942057
-0.96802641,0.35807375
0.27581061,0.93991554
0.01982697,0.89684255
-0.46682093,0.71873891
-0.04621108,-1.03093162
0.52281366,0.82429415
-0.54728950,-0.68940245
0.39097946,-0.85044142
-0.97115863,-0.12220866
0.70660587,-0.49331040
-0.19041005,-0.96477526
-0.97012750,-0.08377711
1.00120280,-0.20425848
-0.97772775,-0.30164780
0.52113552,0.75325470
0.18611560,0.84476216
0.46128384,-0.86181342
0.62466457,-0.75989977
-0.85672439,0.65882684
-0.60818008,0.74568831
0.29976478,1.00136923
0.58522548,-0.83686941
0.87434747,-0.09798462
0.98603079,-0.37754106
-0.92910435,0.35715506
0.71463178,-0.55198181
0.31651288,0.99479669
0.99057152,0.46754747
-0.92216806,-0.37367982
-0.52571771,0.77546748
-0.92213779,0.11402345
0.89355674,0.41558055
0.48790464,0.97958769
-0.99416898,0.06161753
-1.02202095,-0.03504369
-0.22226412,-0.99315495
-0.04469788,-0.84357955
-0.73232664,0.64507167
-0.98412010,0.33477163
-0.18570975,1.01540872
0.51321975,0.72094458
-0.77106336,0.55276023
-0.92452878,-0.48233606
1.03188074,-0.03047954
-0.06901970,-1.02267387
0.35721190,-0.85989052
0.48362614,-0.91103596
1.00694078,-0.45323959
0.88723808,-0.54542694
0.46890551,0.94407778
-0.46634102,0.94768986
-0.11596982,1.04506676
0.31381493,-0.87111662
-0.95164695,0.12638101
0.92974718,-0.29625728
-0.94974801,-0.47043483
1.08549801,0.16646126
0.03706470,0.93027346
-0.77651549,0.54741633
0.68845865,0.74602995
-1.01881567,-0.40168323
0.94006826,0.32112040
0.03262372,1.01618874
1.03195304,0.06083070
0.77800553,0.73345173
-0.26581375,-0.94325128
-1.00826114,-0.00236664
1.00501902,-0.26138784
0.63829970,0.71095330
0.38217595,1.04825034
0.83544626,0.33981087
0.30358226,0.93559862
-0.30498402,0.92174119
-0.98743538,0.46398826
-0.01011520,1.04037916
0.47791823,0.84536275
-0.72053051,0.66010237
0.91590577,0.30931475
0.41353335,-0.82859035
-0.86373489,-0.37555692
-0.96205667,-0.07073138
-1.04161631,0.21267245
-0.93761637,-0.32810950
0.95953769,-0.07989589
-0.80419196,0.69812156
-0.99039862,-0.44916514
0.27598565,0.96983083
-0.75430897,0.57969711
0.74329379,0.51220952
0.66089369,-0.74403532
-0.41203776,-0.87730521
0.09424174,-0.93676402
0.08430191,-0.93265049
0.64277495,0.71211777
-0.66038353,-0.75163617
0.63799390,0.82632114
-0.68942389,-0.65212193
0.75424805,0.81631157
0.57583536,0.88386881
0.70967396,0.69338250
-1.02058946,-0.21731765
0.76117927,0.72630658
-0.62887407,0.70137959
-0.85004150,0.41784217
0.96807206,-0.10318346
0.18518658,-0.94431810
-0.88045040,-0.52783685
-0.14201394,-1.01438693
0.99065560,0.10098584
-0.68479660,0.75408562
-0.24379153,0.96057973
-0.57155067,-0.93680261
0.68959442,0.73598856
0.89671946,-0.33021455
-0.41012755,0.85737180
0.71500589,-0.68884546
0.59190545,-0.81100261
-0.98767785,0.19266063
1.03902094,0.03686526
0.74835567,0.67249461
-0.79345246,0.68044905
-0.09726317,-0.99103351
-0.89227677,0.11803949
0.96539117,-0.43108315
0.86690005,-0.60945891
-0.45520554,0.85987992
1.07428821,-0.08039967
-1.01558291,-0.18368746
0.83047748,0.43661892
1.05736333,0.26168750
-0.77167762,0.79921945
-0.80528292,0.49743431
0.43231882,0.89070478
0.85768270,-0.63690923
-0.39920075,0.97883896
0.13937485,-1.03271245
0.22913769,1.06815759
-0.82767970,0.33804272
-0.73958026,0.72591941
0.09032762,-0.89077318
-0.59221605,0.68922343
0.15930231,0.92161597
0.55986561,-0.87346630
-0.52127459,-0.73032271
0.48468359,0.86950790
0.04172844,0.93980493
0.91952711,0.64093308
0.48402329,-0.83158494
-0.86602543,0.48497614
0.43930425,-0.80783294
-0.85427890,-0.51636090
0.27261680,-0.99784912
0.03622382,-0.98395733
-0.89241958,0.19666475
-0.04533648,0.99103628
-0.78707774,0.63088400
-1.10018186,-0.19980510
0.96837955,-0.02143610
-0.26657232,0.96780299
-0.10263266,-1.07000300
-0.06021761,1.12905152
-0.70799900,-0.78097213
-0.05198824,-0.97169562
0.95720584,0.00012875
-0.12138296,-1.08002111
0.69369860,-0.74504137
0.73518087,-0.51427229
0.66419658,-0.65653631
-0.75180513,0.65278499
0.55876898,0.78729272
-0.57198393,0.86698251
0.76966572,-0.72369329
-0.44186895,-0.96237353
-0.88892777,-0.04674637
0.98503903,0.01702025
0.87926221,0.39400475
-0.87240829,-0.31325467
0.70094706,-0.74774894
-0.71930715,-0.58844063
-0.57889454,0.69537114
1.09650715,0.03646793
0.25840405,1.00839043
-0.78428317,-0.70653100
-0.28549659,1.03841095
-0.87266439,-0.20551850
1.06394380,0.26777530
-0.97052835,-0.24300932
-0.99050723,0.26685632
1.03628432,0.13876785
0.44442655,-0.90013520
0.23277859,-0.96437312
0.75235653,0.66096656
-0.66016443,-0.71391236
0.67618109,-0.82534151
-0.85694178,-0.09217218
0.06025654,-1.08454081
0.65804187,0.64008239
1.05448986,0.41000502
0.11821060,1.03474824
0.12145669,-1.08493005
-0.24010037,0.95623380
0.60013805,-0.92613639
0.93677622,0.46018663
-1.03274263,0.11138618
-0.92615167,0.43504743
0.33134213,-0.80395741
-0.44397354,-0.79477514
-0.01646901,-0.87169211
-0.80544681,-0.64473858
0.52260029,0.80312554
0.08555039,-1.02889935
-0.18741034,-0.97260908
-0.14820819,-1.05184308
-0.94194248,0.24794893
-0.91074845,0.46050415
0.57075298,0.78209582
0.37552720,-0.83609982
-0.82231409,0.34655403
0.96341901,-0.31245718
-0.12924869,0.95695749
-0.95539988,0.07666331
-0.56943421,0.72993251
-0.72106813,-0.59303296
1.15120942,-0.21949153
0.18693856,0.96134094
-0.68404461,0.60857142
-0.28490756,0.98366969
0.82798071,0.56725804
0.91244651,0.20026294
1.05665617,-0.06520191
-0.45487648,0.79467540
-0.24428577,-0.96639116
0.21247843,-0.97643347
-0.58777379,-0.73282063
-0.13011261,1.20633347
-0.47638039,-0.85622156
0.80161421,-0.43678745
-0.89105173,0.27341490
0.69374855,-0.58792353
0.65126535,-0.79095512
0.14947767,-0.99282966
-0.30184807,-0.84479136
1.04876688,-0.30870366
-0.96595532,-0.00201946
0.80687430,-0.44338354
0.89537158,0.55436009
-0.26572426,-1.03628179
0.67612473,0.63214672
-0.63080840,0.70048738
-0.86393901,-0.48422753
-0.35968228,-0.90890604
-0.43842846,-0.94138412
0.44325954,0.91273302
0.80594517,0.50513275
0.56967796,0.71294694
-0.74168677,-0.67869313
0.47007743,0.94203342
0.84972194,-0.46641091
-0.44845419,-0.89825419
-0.27640563,0.91513545
-0.71216654,-0.73792108
0.88961636,0.44217415
-0.79582087,-0.64753832
0.49693603,0.79118442
-0.63064745,-0.67405665
-0.20643294,1.11532088
-0.99770750,-0.35007658
-0.28609223,-0.89451849
0.20213664,1.03509902
0.90797220,0.37544933
0.67860453,0.82799248
0.49889575,-0.77762145
0.97119928,-0.29141821
-0.83888702,-0.45427293
0.83974934,0.46318356
-0.74557337,-0.52837699
-0.59066514,0.93222593
0.44117915,0.87310904
-0.00517411,-0.95458441
0.58410213,-0.65763372
-1.03764879,-0.26426985
-0.97809739,-0.49980318
0.93923724,-0.31112821
0.93939675,-0.00196390
0.63795915,-0.79353504
0.91705475,-0.40845718
0.52391285,-0.71945635
-1.06362821,-0.32003252
0.79736214,-0.68346505
-0.98803352,0.00262084
-0.63182599,0.69051462
-1.03558225,0.00274731
1.04164291,0.30502396
1.04781996,0.20329098
-1.00486429,-0.13648862
-0.81567957,-0.52942834
1.00657906,0.45121137
0.13922571,-0.98512439
0.56843141,0.79379617
0.22712355,1.03213618
-0.98072479,0.16346493
0.18070359,-1.04090119
-1.08467320,0.07524032
0.71087321,-0.49049497
0.01437485,-0.98557922
-1.00624768,-0.38248753
0.75902398,-0.79142737
-0.56482494,0.84296680
-0.93794675,-0.48495631
-0.62124524,-0.81626010
0.83687980,0.52753570
-0.07926676,0.94896134
1.06156665,-0.08542403
-0.38638154,1.00287905
0.92382628,-0.57292106
0.99204238,0.29068534
-0.00396326,1.01994709
0.11816654,1.04209034
1.19208313,0.00701587
-0.15118454,-0.97392545
0.11207510,0.96397909
-0.96947061,-0.52035448
0.77107542,0.50677891
-0.72585076,-0.38692394
-1.09242380,0.06654571
-1.04939887,0.21318092
0.28050371,-1.09711570
-0.65985168,0.86449491
-0.26251987,-1.02213209
0.32470010,-0.91885124
0.06960004,1.06561948
-0.28696171,0.88662125
-0.68947645,-0.60220285
0.40758275,0.93595977
0.92156999,0.04951764
-0.68921398,-0.60203686
-0.26965567,-0.94544805
0.74167155,0.62299822
-0.90780657,-0.42602048
-0.91451224,0.14445483
-0.98359454,-0.05822406
0.91736941,-0.41056176
0.96194205,0.25768519
0.38637017,0.93037402
0.89275466,0.54409111
-0.72664542,-0.69147356
0.66054367,-0.80444308
-1.04529530,-0.25612685
0.99425475,0.22102192
-1.01803152,-0.01233040
0.67091960,0.59380814
0.84730865,0.51962730
-0.39627134,1.01699898
0.55915410,-0.77757625
-0.30728995,-1.02272365
1.00498854,-0.10507740
-1.05451546,0.07327527
0.41396220,1.02817047
-0.68537943,0.76694725
0.82835405,0.51183692
-0.82822085,0.66531069
-0.75562309,-0.59360810
-0.52374696,-0.77437376
1.07016239,-0.20504505
-0.64076385,0.59889574
0.85943882,0.53709285
0.62957480,-0.72817207
0.50159446,0.94347955
-0.42795658,0.90003561
0.71283741,0.87931618
-0.25808468,-0.95038110
0.63560624,-0.55995992
0.28761586,1.12647117
-0.87365364,-0.46438250
0.99285867,0.15743628
-0.37653618,-0.92787972
0.59439397,0.78463451
-0.41154910,0.96368066
-0.91083632,-0.29756776
-1.10290578,0.23971391
0.13760997,-0.98061416
0.99926662,0.21474063
0.28324133,1.04390124
0.33111465,0.90897131
-0.78236926,0.69860130
0.58278546,-0.77380693
0.92690798,-0.18599780
0.91720821,-0.21461564
0.40898936,1.01628133
0.30402374,1.00955785
-0.25514883,0.91224336
-0.89189609,-0.55585805
0.44226978,-0.80586065
-0.97372340,-0.08415128
1.02697330,0.22721024
-0.37609760,-0.78343479
-0.75951726,-0.70483294
-0.71593304,0.66830622
-0.85636704,-0.20885143
0.08843300,1.03676836
-0.31163149,0.96408553
-0.88292751,-0.52018243
-0.66482742,0.72600302
-0.51949804,0.78719339
0.56915376,0.76757540
0.69504274,-0.68233849
-0.95962342,-0.10197544
0.61412466,-0.69399004
-0.86927462,-0.56141666
0.90531908,0.44631806
0.98094711,0.20375081
0.49327284,0.89625111
-0.66921687,0.70630633
0.51465190,0.89658418
-0.64031248,0.85869300
0.86573342,-0.50124894
0.97002726,0.12770614
0.85260885,0.43659704
-0.20763186,-0.96970015
-0.10100307,-0.94565388
-0.01181335,1.11330721
0.94582837,0.45251233
-0.48800636,0.77916415
-0.34447439,-0.95542526
-0.16356564,0.97264947
-0.88256512,-0.05129517
-0.89081147,0.39726513
0.74565581,-0.60498261
-0.75150239,-0.66753417
-0.59281391,0.85543682
-0.76956570,0.58681375
0.73228402,0.78831608
0.29491730,-0.93210034
0.37459934,0.89277392
0.68163589,0.61408255
-0.49241587,1.02641926
-0.51654134,-0.81614137
-0.99112685,-0.16842707
1.01175537,0.08998239
-0.90171380,-0.50904463
-0.05269347,-0.89488954
-0.08350744,-0.87474128
0.30903468,0.98107110
0.78575362,0.38171418
-0.68770783,0.74111765
0.27852767,1.09782635
0.91381487,-0.23997530
-0.42270425,-0.95778526
-0.35839095,0.87160055
0.50769111,-1.07551915
-0.79215556,-0.59257821
0.95272129,0.26698178
0.24474157,0.96268801
-0.01050960,0.95464775
0.94271210,-0.53803212
-0.61099271,-0.72934920
0.37256759,0.89294416
0.54799509,-0.75198778
-0.75177458,0.62789776
0.96123736,-0.06469694
-0.93032818,-0.32568502
0.94040023,0.08966988
-0.83193186,0.52347963
-0.55093536,-0.97261497
-0.88703351,0.39053931
-0.60956084,-0.89977147
0.79523534,0.54546334
0.96952287,0.09299768
0.78690004,0.51625953
-0.56684764,-0.67051325
0.12013604,0.96916568
0.41323759,-0.98854533
0.27965043,-1.03183002
0.72381463,0.76499129
0.92557578,0.34015597
-0.46328593,-0.84202823
-0.26575326,-0.86781121
0.74241437,-0.65604024
-0.63089360,0.87170515
0.99898547,0.16362793
0.04175721,-0.90289677
-0.84194540,-0.62294493
0.95303304,-0.25108284
-0.35875450,0.95862782
0.97036704,0.03765175
0.95081456,0.33162942
0.73870931,-0.63811814
-0.56089074,0.75336198
0.76629449,0.37684077
0.99145742,0.20740148
-0.63497626,-0.77083357
-0.57878314,0.71420028
-0.07172367,-1.09258057
-0.81341186,-0.65828823
0.14200815,1.09331887
-0.74816585,-0.58982843
-0.76474429,0.59070069
-0.49578103,-0.89951157
0.01764262,1.04303411
-0.35449600,1.01304721
0.40795356,0.80996611
0.64070139,0.71698583
-0.72796457,0.45463618
-0.75191841,-0.67548266
-0.92158162,-0.56418302
0.35863122,0.91347532
-0.87601929,0.71913709
-0.97152749,0.40840833
0.21976211,0.95441773
-0.69019804,-0.68814990
-0.54848183,0.82003154
0.91003621,0.62283489
-0.37422988,-0.85959900
0.43584571,0.83862750
-0.57988399,0.79999632
0.15030920,-0.96468381
0.72758072,0.74629564
-0.94622623,-0.28606118
-0.85394432,-0.53789864
-0.11496914,1.03773972
0.73190702,0.67318680
-0.89863962,0.61158518
0.09823383,0.90656167
-0.69426886,0.58059537
0.59915366,0.67732793
-0.79683271,0.57859103
0.85113421,-0.47050913
1.00785594,0.08771599
-0.90392023,-0.44213183
-0.84477960,0.51834646
0.50597081,-0.72694875
0.11354894,-0.95413190
-0.98086973,0.31439871
-0.00273851,0.93203296
0.93073910,-0.34264068
0.38419959,-0.88131719
0.76109308,-0.69154821
0.81993826,0.44357470
-0.70441586,0.56174398
-0.94558584,0.16746326
-0.25865395,0.98635711
0.15896397,1.02969818
-0.41331252,0.85962424
0.47128178,0.87094479
0.94934430,-0.29507576
0.79239794,-0.53045874
-0.81440219,-0.78688582
-0.72863264,-0.34835760
1.03783730,-0.03488259
-0.91698256,0.02691938
0.08626739,-1.05428551
0.92564736,0.16164429
-0.91209372,0.45332343
0.34099308,0.85973955
0.87324180,0.52289712
0.57136943,-0.86985884
-0.10376341,-0.88750003
-0.57874288,0.70271878
0.76659081,0.71822408
0.35643968,-1.04868836
-0.58665480,0.81429736
0.16150932,-0.85681468
-0.71389272,-0.57185761
-0.17770980,-1.00455391
-0.87217333,-0.59980981
0.95384231,-0.21361513
0.05670850,0.92985339
0.75007945,-0.77480631
-0.65165278,-0.63640695
-0.31275174,-0.92036208
0.95810903,-0.06295543
0.96087218,0.18202604
-0.12816226,1.00833086
-0.14669250,-0.92996428
0.25016927,-0.97789886
-0.01125895,1.09361347
-1.05244413,0.20796605
0.68239103,-0.84993953
0.93221916,-0.15113473
0.86827903,-0.15069654
0.23350890,1.00657994
-0.74490560,0.66142214
-0.93157932,0.42025306
-0.97822447,0.07153893
0.66554294,-0.78498530
-0.90555964,0.11116962
-0.26625688,1.00500754
-0.76286189,-0.76856754
0.24696529,-0.99416775
-0.81044266,-0.61491977
0.94163716,-0.46676667
1.03720056,-0.15107705
-0.02574222,-1.03964123
0.77047219,-0.65102660
0.85274201,0.49654187
-0.94072028,-0.54600335
0.90277416,0.13760628
-0.15047672,1.04430579
-0.62396642,-0.71731760
-0.40366321,-0.93327521
0.43401911,-0.82418206
0.47639815,-0.74463880
-0.11580553,0.88118743
-0.90483798,0.31254757
0.12807937,-1.04189069
0.23723726,0.91125202
0.66451944,-0.63200253
0.91434588,0.19420969
-0.72381868,0.69626852
0.96686920,0.25662448
-0.19258282,0.98713822
0.53444061,-0.82846911
0.91255167,-0.12844075
-0.88385381,0.45285397
0.09082372,1.04574387
-0.44444793,0.93984969
0.46207900,-0.81473925
0.33045809,0.90720345
0.10360260,-0.98672247
-0.34962548,0.87977977
0.02363339,0.90132888
0.80571281,-0.61718853
0.18593571,0.99956688
0.93250508,-0.34041081
-0.97624222,0.40665487
0.96995326,0.03229037
-0.13054123,-0.92476322
0.49577522,-0.81022966
-1.01367750,-0.33158331
0.94345767,-0.18380938
-0.23331623,-1.02811789
-0.89170245,0.37585866
0.98320154,0.36782726
0.35643314,0.85607701
0.63543067,-0.70803379
0.94292881,-0.36321443
0.98039422,0.16617958
-0.86744300,0.50995492
-0.96070697,0.33946137
0.56039335,0.88008924
0.93251061,0.22731804
0.58898414,-0.67064622
0.51321652,-0.89534461
0.83405940,-0.75692862
-0.32035813,0.99474910
0.73349598,-0.58049012
0.99420689,-0.16446200
0.30306479,-1.01624898
-0.55897641,0.86922716
-0.77125667,0.79951268
-1.03777098,0.00844297
0.71030221,-0.43243971
-1.00943217,0.00552367
-0.79539429,0.41767237
0.87705022,0.36374297
-0.41138159,0.76254795
0.24262247,0.88623320
-0.92448053,0.18836447
-1.04493163,0.13107349
0.34649245,0.98709259
0.89718294,0.53382072
-0.73089071,-0.82553495
0.06760586,0.97095779
-0.49328672,-0.80556388
-1.00201916,-0.45076068
0.70200127,-0.74680906
-0.06412081,0.97620026
0.98713140,-0.19469692
0.54470243,-0.78151272
-1.08928612,0.03923689
-0.52548374,0.75598012
0.21467086,0.94638769
-0.87032751,-0.39740747
0.38250057,0.91449851
-0.55545123,0.73146438
0.95709416,0.40730009
-0.51417023,-0.91277043
-0.81172246,-0.58588130
-0.47276318,-0.91007457
0.52591371,-0.81706479
-0.98062604,-0.31280440
-0.68790233,0.69130482
-0.00830181,0.92727809
-1.01211508,-0.15376725
-0.88952249,0.37122400
-0.97134946,0.39422775
-0.13881109,1.04098792
0.35872260,1.05548738
0.26418612,-0.89621836
0.86438787,-0.18657121
-0.50014183,-0.87193174
-0.84553158,-0.65826077
0.50749484,0.94439699
-0.95056031,0.36720003
0.92587008,-0.33710832
0.97427237,-0.28010774
1.03482079,0.48344696
0.56282043,-0.83586315
0.17843029,1.02814461
0.89598288,-0.32972372
0.17951180,1.03506027
0.14250507,-0.96217387
0.96226924,-0.29976173
0.96166828,0.27122236
0.98422355,0.04903034
-1.16227235,-0.27085099
-0.94738664,0.44162794
0.98359971,-0.37697108
-0.26315778,0.91561363
0.89512764,0.11312809
0.56966248,-0.64729891
-0.76521419,-0.57782528
-1.02737401,-0.08459354
-0.69602100,-0.76041035
0.73822241,-0.51598643
-0.05331494,1.02599251
0.01361961,0.98442432
1.11176759,-0.05013278
-0.99241137,-0.10074091
0.96225183,0.23205658
0.06992065,-0.96561244
-0.90880766,-0.38522908
0.95159123,0.29203472
-0.71581396,0.72907572
-0.86800487,-0.56856851
0.64933967,-0.72452693
-0.50570338,-0.81185200
-0.67704001,-0.80138800
-0.03070798,-1.07402916
-0.83793201,0.51059162
0.39127674,-0.90133162
-0.13166872,-0.99455164
0.84672932,0.57971585
-0.18033314,-1.06112866
0.73247028,-0.61545370
0.96411561,-0.30450482
-1.04536825,0.43928093
0.73169878,0.71612562
-0.90289359,-0.39799008
0.74923264,0.52615315
-0.89474586,-0.43092409
-0.03366336,-1.06700834
-0.85529074,-0.56077208
-0.37531929,-1.04460502
-0.00734594,-0.98669358
-0.98428306,0.14912613
-0.04047358,0.95544152
0.22411355,-1.03758780
-1.00232545,-0.05485358
-0.32786510,-0.88693946
-0.73558252,0.58872265
0.85400557,-0.55429915
-0.81615887,0.64414635
-0.86253123,-0.58837470
-0.78356493,-0.83426863
-1.00954675,-0.18397538
0.27807273,-0.91365804
-0.15166364,1.05785955
0.90160099,0.34883084
0.51213355,0.77963779
-0.90955540,0.47058453
-0.28037013,-0.95581646
0.56039563,0.81314932
-0.85822732,0.41964166
-0.68340265,-0.75626943
0.18424217,0.85066926
-0.63918937,-0.82463150
-0.63669317,-0.87514538
0.14089856,0.98334036
0.78720771,-0.68693452
1.01969796,-0.34847558
0.97564190,-0.44186223
0.13426522,1.09602383
-0.38357222,0.80567161
-0.99864537,-0.29313583
0.37520206,-0.90957631
1.02456197,0.12959145
-0.00205819,0.97177192
-0.61974737,-0.91280311
0.17159198,1.09505580
0.17870205,1.00630861
1.06772344,-0.02791499
-0.80469611,-0.62845033
-0.35152157,-0.93908436
0.91366257,0.60182515
-0.28176347,0.88951242
0.65198292,0.63728479
0.00079479,1.05283441
0.68395057,0.77835578
0.77003459,0.65233257
0.10797393,-0.92557003
-0.16910238,0.90064256
0.80884655,-0.58806324
0.92105694,0.06385070
